
INSERT INTO proof_board(proof_board_id,challenge_board_id,user_id,title,content,writer,view_count,like_count,reg_date,exercise_type,body_part,`level`) 
VALUES
(1, 1, 'alice01', '비 오는 날에도 굿!', '비 오는 날이라 실내에서 했는데 잘 했네요.', '별난거북이', 0, 1, '2025-05-15 18:00:00', '근력운동', '하체', '초급'),
(2, 1, 'alice01', '꾸준함이 힘이다!', '시간 없었지만 틈틈이 나눠서 했어요. 꾸준함이 답!', '별난거북이', 0, 5, '2025-05-15 22:00:00', '근력운동', '하체', '초급'),
(3, 1, 'alice01', '몸이 가벼워졌어요!', '시간 없었지만 틈틈이 나눠서 했어요. 꾸준함이 답!', '별난거북이', 0, 2, '2025-05-16 06:00:00', '근력운동', '하체', '초급'),
(4, 1, 'alice01', '스트레칭 후 개운한 기분', '몸이 무거웠는데 하고 나니 한결 가벼워졌어요.', '별난거북이', 0, 3, '2025-05-19 10:00:00', '근력운동', '하체', '초급'),
(5, 1, 'alice01', '힘들어도 포기하지 않았어요', '매일 하니까 몸이 적응하는 느낌이에요.', '별난거북이', 0, 6, '2025-05-17 08:00:00', '근력운동', '하체', '초급'),
(6, 1, 'alice01', '챌린지 완료! 땀 흘렸어요', '운동 후 스트레칭까지 챙기니 개운해요.', '별난거북이', 0, 1, '2025-05-15 09:00:00', '근력운동', '하체', '초급'),
(7, 1, 'alice01', '적응 중인 몸의 변화', '살짝 힘들었지만 포기 안 하고 버텼어요.', '별난거북이', 0, 9, '2025-05-18 14:00:00', '근력운동', '하체', '초급'),
(8, 2, 'bob02', '동작이 잘 맞아서 뿌듯해요', '운동 후 스트레칭까지 챙기니 개운해요.', '반짝토끼', 0, 4, '2025-05-20 09:00:00', '유산소', '상체', '중급'),
(9, 2, 'bob02', '하루의 활력 충전 완료!', '살짝 힘들었지만 포기 안 하고 버텼어요.', '반짝토끼', 0, 9, '2025-05-17 17:00:00', '유산소', '상체', '중급'),
(10, 2, 'bob02', '오늘도 도전 성공!', '오늘도 빠짐없이 챌린지 완료! 땀 흘리니 개운해요.', '반짝토끼', 0, 9, '2025-05-20 20:00:00', '유산소', '상체', '중급'),
(11, 2, 'bob02', '비 오는 날에도 굿!', '몸이 무거웠는데 하고 나니 한결 가벼워졌어요.', '반짝토끼', 0, 8, '2025-05-17 20:00:00', '유산소', '상체', '중급'),
(12, 2, 'bob02', '꾸준함이 힘이다!', '시간 없었지만 틈틈이 나눠서 했어요. 꾸준함이 답!', '반짝토끼', 0, 10, '2025-05-16 14:00:00', '유산소', '상체', '중급'),
(13, 2, 'bob02', '몸이 가벼워졌어요!', '비 오는 날이라 실내에서 했는데 잘 했네요.', '반짝토끼', 0, 9, '2025-05-19 19:00:00', '유산소', '상체', '중급'),
(14, 2, 'bob02', '스트레칭 후 개운한 기분', '비 오는 날이라 실내에서 했는데 잘 했네요.', '반짝토끼', 0, 5, '2025-05-19 09:00:00', '유산소', '상체', '중급'),
(15, 2, 'bob02', '힘들어도 포기하지 않았어요', '매일 하니까 몸이 적응하는 느낌이에요.', '반짝토끼', 0, 1, '2025-05-18 09:00:00', '유산소', '상체', '중급'),
(16, 3, 'carol03', '챌린지 완료! 땀 흘렸어요', '운동 후 스트레칭까지 챙기니 개운해요.', '씩씩호랑이', 0, 2, '2025-05-17 20:00:00', '스트레칭', '하체', '초급'),
(17, 3, 'carol03', '적응 중인 몸의 변화', '비 오는 날이라 실내에서 했는데 잘 했네요.', '씩씩호랑이', 0, 7, '2025-05-19 15:00:00', '스트레칭', '하체', '초급'),
(18, 3, 'carol03', '하루의 활력 충전 완료!', '매일 하니까 몸이 적응하는 느낌이에요.', '씩씩호랑이', 0, 2, '2025-05-18 17:00:00', '스트레칭', '하체', '초급'),
(19, 3, 'carol03', '힘들어도 포기하지 않았어요', '조금 힘들었지만 끝까지 해냈어요. 기분 최고!', '씩씩호랑이', 0, 7, '2025-05-21 15:00:00', '스트레칭', '하체', '초급'),
(20, 3, 'carol03', '몸이 가벼워졌어요!', '몸이 무거웠는데 하고 나니 한결 가벼워졌어요.', '씩씩호랑이', 0, 3, '2025-05-19 14:00:00', '스트레칭', '하체', '초급'),
(21, 3, 'carol03', '포기하지 않고 버텼어요', '살짝 힘들었지만 포기 안 하고 버텼어요.', '씩씩호랑이', 0, 0, '2025-05-17 10:00:00', '스트레칭', '하체', '초급'),
(22, 3, 'carol03', '동작이 잘 맞아서 뿌듯해요', '오늘은 동작이 꽤 잘 맞았어요. 만족!', '씩씩호랑이', 0, 5, '2025-05-20 07:00:00', '스트레칭', '하체', '초급'),
(23, 4, 'dave04', '오늘도 도전 성공!', '오늘도 빠짐없이 챌린지 완료! 땀 흘리니 개운해요.', '달콤여우', 0, 6, '2025-05-21 15:00:00', '근력운동', '상체', '중급'),
(24, 4, 'dave04', '꾸준함이 힘이다!', '시간 없었지만 틈틈이 나눠서 했어요. 꾸준함이 답!', '달콤여우', 0, 5, '2025-05-21 18:00:00', '근력운동', '상체', '중급'),
(25, 4, 'dave04', '하루의 활력 충전 완료!', '매일 하니까 몸이 적응하는 느낌이에요.', '달콤여우', 0, 6, '2025-05-22 12:00:00', '근력운동', '상체', '중급'),
(26, 4, 'dave04', '하루의 활력 충전 완료!', '매일 하니까 몸이 적응하는 느낌이에요.', '달콤여우', 0, 7, '2025-05-20 20:00:00', '근력운동', '상체', '중급'),
(27, 4, 'dave04', '힘들어도 포기하지 않았어요', '살짝 힘들었지만 포기 안 하고 버텼어요.', '달콤여우', 0, 3, '2025-05-20 18:00:00', '근력운동', '상체', '중급'),
(28, 4, 'dave04', '동작이 잘 맞아서 뿌듯해요', '오늘은 동작이 꽤 잘 맞았어요. 만족!', '달콤여우', 0, 7, '2025-05-19 12:00:00', '근력운동', '상체', '중급'),
(29, 4, 'dave04', '꾸준함이 힘이다!', '시간 없었지만 틈틈이 나눠서 했어요. 꾸준함이 답!', '달콤여우', 0, 9, '2025-05-21 14:00:00', '근력운동', '상체', '중급'),
(30, 4, 'dave04', '몸이 가벼워졌어요!', '몸이 무거웠는데 하고 나니 한결 가벼워졌어요.', '달콤여우', 0, 10, '2025-05-20 09:00:00', '근력운동', '상체', '중급'),
(31, 5, 'ellen05', '챌린지 완료! 땀 흘렸어요', '운동 후 스트레칭까지 챙기니 개운해요.', '차분펭귄', 0, 5, '2025-05-22 07:00:00', '유산소', '하체', '초급'),
(32, 5, 'ellen05', '비 오는 날 실내 운동!', '비 오는 날이라 실내에서 했는데 잘 했네요.', '차분펭귄', 0, 0, '2025-05-23 11:00:00', '유산소', '하체', '초급'),
(33, 5, 'ellen05', '조금 힘들었지만 포기 없어요', '살짝 힘들었지만 포기 안 하고 버텼어요.', '차분펭귄', 0, 10, '2025-05-22 08:00:00', '유산소', '하체', '초급'),
(34, 5, 'ellen05', '스트레칭까지 꼭!', '운동 후 스트레칭까지 챙기니 개운해요.', '차분펭귄', 0, 5, '2025-05-20 09:00:00', '유산소', '하체', '초급'),
(35, 5, 'ellen05', '운동 후 몸이 가벼워졌어요', '몸이 무거웠는데 하고 나니 한결 가벼워졌어요.', '차분펭귄', 0, 3, '2025-05-23 17:00:00', '유산소', '하체', '초급'),
(36, 5, 'ellen05', '끝까지 버텼어요!', '살짝 힘들었지만 포기 안 하고 버텼어요.', '차분펭귄', 0, 6, '2025-05-23 22:00:00', '유산소', '하체', '초급'),
(37, 5, 'ellen05', '비 오는 날에도 운동 완료', '비 오는 날이라 실내에서 했는데 잘 했네요.', '차분펭귄', 0, 0, '2025-05-23 09:00:00', '유산소', '하체', '초급'),
(38, 5, 'ellen05', '힘들어도 끝까지!', '조금 힘들었지만 끝까지 해냈어요. 기분 최고!', '차분펭귄', 0, 4, '2025-05-22 17:00:00', '유산소', '하체', '초급'),
(39, 5, 'ellen05', '꾸준함이 힘!', '살짝 힘들었지만 포기 안 하고 버텼어요.', '차분펭귄', 0, 5, '2025-05-23 21:00:00', '유산소', '하체', '초급'),
(40, 6, 'fiona06', '가벼워진 몸!', '몸이 무거웠는데 하고 나니 한결 가벼워졌어요.', 'h.infin', 0, 3, '2025-05-24 22:00:00', '스트레칭', '상체', '중급'),
(41, 6, 'fiona06', '챌린지 매일 완료!', '오늘도 빠짐없이 챌린지 완료! 땀 흘리니 개운해요.', 'h.infin', 0, 8, '2025-05-20 19:00:00', '스트레칭', '상체', '중급'),
(42, 6, 'fiona06', '기분 최고!', '조금 힘들었지만 끝까지 해냈어요. 기분 최고!', 'h.infin', 0, 8, '2025-05-23 16:00:00', '스트레칭', '상체', '중급'),
(43, 6, 'fiona06', '꾸준함이 답!', '오늘도 빠짐없이 챌린지 완료! 땀 흘리니 개운해요.', 'h.infin', 0, 0, '2025-05-22 18:00:00', '스트레칭', '상체', '중급'),
(44, 6, 'fiona06', '스트레칭까지 완벽!', '운동 후 스트레칭까지 챙기니 개운해요.', 'h.infin', 0, 8, '2025-05-24 21:00:00', '스트레칭', '상체', '중급'),
(45, 6, 'fiona06', '몸이 한결 가벼워졌어요', '몸이 무거웠는데 하고 나니 한결 가벼워졌어요.', 'h.infin', 0, 8, '2025-05-24 09:00:00', '스트레칭', '상체', '중급'),
(46, 6, 'fiona06', '틈틈이 꾸준히!', '시간 없었지만 틈틈이 나눠서 했어요. 꾸준함이 답!', 'h.infin', 0, 7, '2025-05-23 17:00:00', '스트레칭', '상체', '중급'),
(47, 6, 'fiona06', '비 오는 날 실내 운동 완료', '비 오는 날이라 실내에서 했는데 잘 했네요.', 'h.infin', 0, 0, '2025-05-23 10:00:00', '스트레칭', '상체', '중급'),
(48, 6, 'fiona06', '틈틈이 나눠서 했어요', '시간 없었지만 틈틈이 나눠서 했어요. 꾸준함이 답!', 'h.infin', 0, 4, '2025-05-24 17:00:00', '스트레칭', '상체', '중급'),
(49, 7, 'george07', '몸이 적응하는 중!', '매일 하니까 몸이 적응하는 느낌이에요.', 'hrs._.1013', 0, 2, '2025-05-24 16:00:00', '근력운동', '하체', '초급'),
(50, 7, 'george07', '운동 후 한결 가벼워졌어요', '몸이 무거웠는데 하고 나니 한결 가벼워졌어요.', 'hrs._.1013', 0, 8, '2025-05-23 10:00:00', '근력운동', '하체', '초급'),
(51, 7, 'george07', '하루 활력 충전 완료!', '오늘도 인증 완료! 하루의 활력 충전 완료!', 'hrs._.1013', 0, 4, '2025-05-25 17:00:00', '근력운동', '하체', '초급'),
(52, 7, 'george07', '틈틈이 나누어 꾸준히', '시간 없었지만 틈틈이 나눠서 했어요. 꾸준함이 답!', 'hrs._.1013', 0, 3, '2025-05-25 07:00:00', '근력운동', '하체', '초급'),
(53, 7, 'george07', '꾸준함이 답이에요', '시간 없었지만 틈틈이 나눠서 했어요. 꾸준함이 답!', 'hrs._.1013', 0, 7, '2025-05-25 16:00:00', '근력운동', '하체', '초급'),
(54, 7, 'george07', '활력 충전 완료!', '오늘도 인증 완료! 하루의 활력 충전 완료!', 'hrs._.1013', 0, 5, '2025-05-22 07:00:00', '근력운동', '하체', '초급'),
(55, 7, 'george07', '몸이 점점 적응해요', '매일 하니까 몸이 적응하는 느낌이에요.', 'hrs._.1013', 0, 9, '2025-05-21 10:00:00', '근력운동', '하체', '초급'),
(56, 7, 'george07', '끝까지 해냈어요!', '조금 힘들었지만 끝까지 해냈어요. 기분 최고!', 'hrs._.1013', 0, 9, '2025-05-21 20:00:00', '근력운동', '하체', '초급'),
(57, 7, 'george07', '챌린지 완료! 개운해요', '오늘도 빠짐없이 챌린지 완료! 땀 흘리니 개운해요.', 'hrs._.1013', 0, 5, '2025-05-23 07:00:00', '근력운동', '하체', '초급'),
(58, 7, 'george07', '점점 몸이 적응하는 느낌', '매일 하니까 몸이 적응하는 느낌이에요.', 'hrs._.1013', 0, 5, '2025-05-24 19:00:00', '근력운동', '하체', '초급'),
(59, 8, 'henry08', '운동 후 몸이 한결 가벼워졌어요', '몸이 무거웠는데 하고 나니 한결 가벼워졌어요.', 'luv._.sun', 0, 3, '2025-05-22 21:00:00', '유산소', '상체', '중급'),
(60, 8, 'henry08', '끝까지 해냈어요! 기분 최고', '조금 힘들었지만 끝까지 해냈어요. 기분 최고!', 'luv._.sun', 0, 6, '2025-05-23 07:00:00', '유산소', '상체', '중급'),
(61, 8, 'henry08', '틈틈이 꾸준히!', '시간 없었지만 틈틈이 나눠서 했어요. 꾸준함이 답!', 'luv._.sun', 0, 0, '2025-05-23 06:00:00', '유산소', '상체', '중급'),
(62, 8, 'henry08', '가벼워진 몸!', '몸이 무거웠는데 하고 나니 한결 가벼워졌어요.', 'luv._.sun', 0, 8, '2025-05-25 12:00:00', '유산소', '상체', '중급'),
(63, 8, 'henry08', '포기 없이 버텼어요', '살짝 힘들었지만 포기 안 하고 버텼어요.', 'luv._.sun', 0, 5, '2025-05-22 20:00:00', '유산소', '상체', '중급'),
(64, 8, 'henry08', '하루 활력 충전 완료!', '오늘도 인증 완료! 하루의 활력 충전 완료!', 'luv._.sun', 0, 2, '2025-05-24 18:00:00', '유산소', '상체', '중급'),
(65, 8, 'henry08', '몸이 적응하는 중이에요', '매일 하니까 몸이 적응하는 느낌이에요.', 'luv._.sun', 0, 0, '2025-05-25 11:00:00', '유산소', '상체', '중급'),
(66, 8, 'henry08', '끝까지 해냈어요! 기분 최고', '조금 힘들었지만 끝까지 해냈어요. 기분 최고!', 'luv._.sun', 0, 3, '2025-05-25 08:00:00', '유산소', '상체', '중급'),
(67, 8, 'henry08', '몸이 점점 적응 중', '매일 하니까 몸이 적응하는 느낌이에요.', 'luv._.sun', 0, 1, '2025-05-24 06:00:00', '유산소', '상체', '중급'),
(68, 9, 'irene09', '포기 없이 버텼어요', '살짝 힘들었지만 포기 안 하고 버텼어요.', 'moon.child_07', 0, 0, '2025-05-26 06:00:00', '스트레칭', '하체', '초급'),
(69, 9, 'irene09', '포기 없이 버텼어요', '살짝 힘들었지만 포기 안 하고 버텼어요.', 'moon.child_07', 0, 5, '2025-05-24 13:00:00', '스트레칭', '하체', '초급'),
(70, 9, 'irene09', '스트레칭까지 완벽하게', '운동 후 스트레칭까지 챙기니 개운해요.', 'moon.child_07', 0, 2, '2025-05-26 11:00:00', '스트레칭', '하체', '초급'),
(71, 9, 'irene09', '몸이 한결 가벼워졌어요', '몸이 무거웠는데 하고 나니 한결 가벼워졌어요.', 'moon.child_07', 0, 10, '2025-05-24 15:00:00', '스트레칭', '하체', '초급'),
(72, 9, 'irene09', '스트레칭 꾸준히 하고 있어요!', '매일 하니까 몸이 적응하는 느낌이에요.', 'moon.child_07', 0, 7, '2025-05-27 12:00:00', '스트레칭', '하체', '초급'),
(73, 9, 'irene09', '아침에 스트레칭도 했어요', '매일 하니까 몸이 적응하는 느낌이에요.', 'moon.child_07', 0, 1, '2025-05-26 08:00:00', '스트레칭', '하체', '초급'),
(74, 9, 'irene09', '힘들었지만 포기하지 않았어요!', '조금 힘들었지만 끝까지 해냈어요. 기분 최고!', 'moon.child_07', 0, 1, '2025-05-23 21:00:00', '스트레칭', '하체', '초급'),
(75, 9, 'irene09', '짬짬이 시간 내서 스트레칭했어요', '시간 없었지만 틈틈이 나눠서 했어요. 꾸준함이 답!', 'moon.child_07', 0, 10, '2025-05-27 16:00:00', '스트레칭', '하체', '초급'),
(76, 9, 'irene09', '비 오는 날 실내 스트레칭', '비 오는 날이라 실내에서 했는데 잘 했네요.', 'moon.child_07', 0, 2, '2025-05-24 15:00:00', '스트레칭', '하체', '초급'),
(77, 10, 'jack10', '상체 근력운동 계속해요!', '매일 하니까 몸이 적응하는 느낌이에요.', 'dreamy.skater', 0, 10, '2025-05-26 07:00:00', '근력운동', '상체', '중급'),
(78, 10, 'jack10', '근력운동 후 몸이 가벼워졌어요', '몸이 무거웠는데 하고 나니 한결 가벼워졌어요.', 'dreamy.skater', 0, 8, '2025-05-26 17:00:00', '근력운동', '상체', '중급'),
(79, 10, 'jack10', '꾸준한 상체 운동 중입니다', '매일 하니까 몸이 적응하는 느낌이에요.', 'dreamy.skater', 0, 5, '2025-05-27 11:00:00', '근력운동', '상체', '중급'),
(80, 10, 'jack10', '오늘도 근력운동 완료!', '매일 하니까 몸이 적응하는 느낌이에요.', 'dreamy.skater', 0, 6, '2025-05-28 17:00:00', '근력운동', '상체', '중급'),
(81, 10, 'jack10', '챌린지 오늘도 클리어!', '오늘도 빠짐없이 챌린지 완료! 땀 흘리니 개운해요.', 'dreamy.skater', 0, 1, '2025-05-28 22:00:00', '근력운동', '상체', '중급'),
(82, 10, 'jack10', '힘들어도 포기하지 않아요', '살짝 힘들었지만 포기 안 하고 버텼어요.', 'dreamy.skater', 0, 3, '2025-05-26 13:00:00', '근력운동', '상체', '중급'),
(83, 10, 'jack10', '하루의 활력 충전 완료!', '오늘도 인증 완료! 하루의 활력 충전 완료!', 'dreamy.skater', 0, 10, '2025-05-25 09:00:00', '근력운동', '상체', '중급'),
(84, 10, 'jack10', '근력운동 후 가벼워진 몸', '몸이 무거웠는데 하고 나니 한결 가벼워졌어요.', 'dreamy.skater', 0, 7, '2025-05-26 19:00:00', '근력운동', '상체', '중급'),
(85, 11, 'alice01', '비 오는 날도 유산소 운동!', '비 오는 날이라 실내에서 했는데 잘 했네요.', '별난거북이', 0, 5, '2025-05-28 10:00:00', '유산소', '하체', '초급'),
(86, 11, 'alice01', '운동 후 몸이 한결 가벼워요', '몸이 무거웠는데 하고 나니 한결 가벼워졌어요.', '별난거북이', 0, 7, '2025-05-29 19:00:00', '유산소', '하체', '초급'),
(87, 11, 'alice01', '챌린지 완료! 땀 흘렸어요', '오늘도 빠짐없이 챌린지 완료! 땀 흘리니 개운해요.', '별난거북이', 0, 10, '2025-05-25 09:00:00', '유산소', '하체', '초급'),
(88, 11, 'alice01', '운동 후 스트레칭까지 완벽하게', '운동 후 스트레칭까지 챙기니 개운해요.', '별난거북이', 0, 8, '2025-05-25 19:00:00', '유산소', '하체', '초급'),
(89, 11, 'alice01', '동작이 오늘 잘 맞았어요', '오늘은 동작이 꽤 잘 맞았어요. 만족!', '별난거북이', 0, 1, '2025-05-27 18:00:00', '유산소', '하체', '초급'),
(90, 12, 'bob02', '상체 스트레칭 열심히 해요', '오늘도 인증 완료! 하루의 활력 충전 완료!', '반짝토끼', 0, 9, '2025-05-27 13:00:00', '스트레칭', '상체', '중급'),
(91, 12, 'bob02', '포기하지 않고 버텼어요', '살짝 힘들었지만 포기 안 하고 버텼어요.', '반짝토끼', 0, 10, '2025-05-29 09:00:00', '스트레칭', '상체', '중급'),
(92, 12, 'bob02', '운동 후 스트레칭으로 마무리', '운동 후 스트레칭까지 챙기니 개운해요.', '반짝토끼', 0, 3, '2025-05-28 18:00:00', '스트레칭', '상체', '중급'),
(93, 12, 'bob02', '오늘 동작이 잘 맞아서 기분 좋아요', '오늘은 동작이 꽤 잘 맞았어요. 만족!', '반짝토끼', 0, 5, '2025-05-29 22:00:00', '스트레칭', '상체', '중급'),
(94, 12, 'bob02', '비 오는 날 실내에서 스트레칭', '비 오는 날이라 실내에서 했는데 잘 했네요.', '반짝토끼', 0, 8, '2025-05-30 21:00:00', '스트레칭', '상체', '중급'),
(95, 13, 'carol03', '힘들어도 꾸준히 하려 노력해요', '살짝 힘들었지만 포기 안 하고 버텼어요.', '씩씩호랑이', 0, 7, '2025-05-29 20:00:00', '근력운동', '하체', '초급'),
(96, 13, 'carol03', '시간 쪼개서 운동했어요', '시간 없었지만 틈틈이 나눠서 했어요. 꾸준함이 답!', '씩씩호랑이', 0, 9, '2025-05-31 07:00:00', '근력운동', '하체', '초급'),
(97, 13, 'carol03', '동작이 잘 맞아 기분 좋아요', '오늘은 동작이 꽤 잘 맞았어요. 만족!', '씩씩호랑이', 0, 4, '2025-05-30 17:00:00', '근력운동', '하체', '초급'),
(98, 13, 'carol03', '꾸준히 하는 중입니다', '오늘은 동작이 꽤 잘 맞았어요. 만족!', '씩씩호랑이', 0, 0, '2025-05-31 13:00:00', '근력운동', '하체', '초급'),
(99, 13, 'carol03', '몸이 점점 적응해요', '매일 하니까 몸이 적응하는 느낌이에요.', '씩씩호랑이', 0, 4, '2025-05-30 12:00:00', '근력운동', '하체', '초급'),
(100, 13, 'carol03', '챌린지 완주했어요!', '오늘도 빠짐없이 챌린지 완료! 땀 흘리니 개운해요.', '씩씩호랑이', 0, 2, '2025-05-29 14:00:00', '근력운동', '하체', '초급'),
(101, 13, 'carol03', '하체 운동도 꾸준히!', '오늘도 인증 완료! 하루의 활력 충전 완료!', '씩씩호랑이', 0, 2, '2025-05-31 12:00:00', '근력운동', '하체', '초급'),
(102, 13, 'carol03', '짬짬이 운동했어요', '시간 없었지만 틈틈이 나눠서 했어요. 꾸준함이 답!', '씩씩호랑이', 0, 6, '2025-05-27 10:00:00', '근력운동', '하체', '초급'),
(103, 13, 'carol03', '꾸준함이 힘!', '오늘도 인증 완료! 하루의 활력 충전 완료!', '씩씩호랑이', 0, 9, '2025-05-30 13:00:00', '근력운동', '하체', '초급'),
(104, 13, 'carol03', '땀 흘리니 상쾌해요', '오늘도 빠짐없이 챌린지 완료! 땀 흘리니 개운해요.', '씩씩호랑이', 0, 8, '2025-05-30 09:00:00', '근력운동', '하체', '초급'),
(105, 14, 'dave04', '상체 유산소 완주!', '오늘은 동작이 꽤 잘 맞았어요. 만족!', '달콤여우', 0, 2, '2025-05-30 15:00:00', '유산소', '상체', '중급'),
(106, 14, 'dave04', '몸이 가벼워진 느낌', '몸이 무거웠는데 하고 나니 한결 가벼워졌어요.', '달콤여우', 0, 3, '2025-05-31 16:00:00', '유산소', '상체', '중급'),
(107, 14, 'dave04', '틈틈이 나눠서 성공!', '시간 없었지만 틈틈이 나눠서 했어요. 꾸준함이 답!', '달콤여우', 0, 8, '2025-06-01 06:00:00', '유산소', '상체', '중급'),
(108, 14, 'dave04', '힘들었지만 끝까지!', '조금 힘들었지만 끝까지 해냈어요. 기분 최고!', '달콤여우', 0, 10, '2025-05-29 17:00:00', '유산소', '상체', '중급'),
(109, 14, 'dave04', '점점 몸이 적응해요', '매일 하니까 몸이 적응하는 느낌이에요.', '달콤여우', 0, 2, '2025-05-31 21:00:00', '유산소', '상체', '중급'),
(110, 14, 'dave04', '포기하지 않고 버텼어요', '살짝 힘들었지만 포기 안 하고 버텼어요.', '달콤여우', 0, 2, '2025-05-29 22:00:00', '유산소', '상체', '중급'),
(111, 15, 'ellen05', '하체 스트레칭 성공!', '몸이 무거웠는데 하고 나니 한결 가벼워졌어요.', '차분펭귄', 0, 2, '2025-05-30 21:00:00', '스트레칭', '하체', '초급'),
(112, 15, 'ellen05', '힘들어도 포기 없이', '살짝 힘들었지만 포기 안 하고 버텼어요.', '차분펭귄', 0, 8, '2025-06-01 07:00:00', '스트레칭', '하체', '초급'),
(113, 15, 'ellen05', '동작 잘 맞았어요', '오늘은 동작이 꽤 잘 맞았어요. 만족!', '차분펭귄', 0, 6, '2025-05-29 19:00:00', '스트레칭', '하체', '초급'),
(114, 15, 'ellen05', '꾸준한 스트레칭!', '오늘도 빠짐없이 챌린지 완료! 땀 흘리니 개운해요.', '차분펭귄', 0, 0, '2025-05-31 18:00:00', '스트레칭', '하체', '초급'),
(115, 15, 'ellen05', '비 오는 날 실내 운동', '비 오는 날이라 실내에서 했는데 잘 했네요.', '차분펭귄', 0, 4, '2025-05-30 06:00:00', '스트레칭', '하체', '초급'),
(116, 16, 'fiona06', '상체 근력운동 꾸준히', '매일 하니까 몸이 적응하는 느낌이에요.', 'h.infin', 0, 6, '2025-06-01 12:00:00', '근력운동', '상체', '중급'),
(117, 16, 'fiona06', '틈틈이 꾸준히 운동', '시간 없었지만 틈틈이 나눠서 했어요. 꾸준함이 답!', 'h.infin', 0, 7, '2025-05-31 18:00:00', '근력운동', '상체', '중급'),
(118, 16, 'fiona06', '스트레칭도 함께!', '운동 후 스트레칭까지 챙기니 개운해요.', 'h.infin', 0, 7, '2025-05-30 08:00:00', '근력운동', '상체', '중급'),
(119, 16, 'fiona06', '오늘도 활력 충전 완료', '오늘도 인증 완료! 하루의 활력 충전 완료!', 'h.infin', 0, 8, '2025-06-03 13:00:00', '근력운동', '상체', '중급'),
(120, 16, 'fiona06', '점점 몸이 적응해요', '매일 하니까 몸이 적응하는 느낌이에요.', 'h.infin', 0, 2, '2025-06-02 21:00:00', '근력운동', '상체', '중급'),
(121, 17, 'george07', '가벼워진 느낌이에요', '몸이 무거웠는데 하고 나니 한결 가벼워졌어요.', 'hrs._.1013', 0, 1, '2025-06-01 16:00:00', '유산소', '하체', '초급'),
(122, 17, 'george07', '비 오는 날 실내 유산소', '비 오는 날이라 실내에서 했는데 잘 했네요.', 'hrs._.1013', 0, 2, '2025-06-01 16:00:00', '유산소', '하체', '초급'),
(123, 17, 'george07', '비 오는 날 운동 완료', '비 오는 날이라 실내에서 했는데 잘 했네요.', 'hrs._.1013', 0, 10, '2025-06-01 06:00:00', '유산소', '하체', '초급'),
(124, 17, 'george07', '동작 완벽!', '오늘은 동작이 꽤 잘 맞았어요. 만족!', 'hrs._.1013', 0, 3, '2025-06-03 16:00:00', '유산소', '하체', '초급'),
(125, 17, 'george07', '꾸준함이 힘!', '시간 없었지만 틈틈이 나눠서 했어요. 꾸준함이 답!', 'hrs._.1013', 0, 7, '2025-06-01 07:00:00', '유산소', '하체', '초급'),
(126, 17, 'george07', '운동 후 스트레칭까지', '운동 후 스트레칭까지 챙기니 개운해요.', 'hrs._.1013', 0, 3, '2025-06-04 19:00:00', '유산소', '하체', '초급'),
(127, 17, 'george07', '가벼워진 몸!', '몸이 무거웠는데 하고 나니 한결 가벼워졌어요.', 'hrs._.1013', 0, 5, '2025-06-03 12:00:00', '유산소', '하체', '초급'),
(128, 18, 'henry08', '상체 스트레칭 꾸준히', '몸이 무거웠는데 하고 나니 한결 가벼워졌어요.', 'luv._.sun', 0, 8, '2025-06-05 12:00:00', '스트레칭', '상체', '중급'),
(129, 18, 'henry08', '운동 후 스트레칭 완벽', '운동 후 스트레칭까지 챙기니 개운해요.', 'luv._.sun', 0, 9, '2025-06-05 17:00:00', '스트레칭', '상체', '중급'),
(130, 18, 'henry08', '하루 활력 충전 완료', '오늘도 인증 완료! 하루의 활력 충전 완료!', 'luv._.sun', 0, 10, '2025-06-05 21:00:00', '스트레칭', '상체', '중급'),
(131, 18, 'henry08', '힘들어도 포기 없어요', '살짝 힘들었지만 포기 안 하고 버텼어요.', 'luv._.sun', 0, 5, '2025-06-04 12:00:00', '스트레칭', '상체', '중급'),
(132, 18, 'henry08', '스트레칭도 꾸준히!', '몸이 무거웠는데 하고 나니 한결 가벼워졌어요.', 'luv..sun', 0, 10, '2025-06-02 16:00:00', '스트레칭', '상체', '중급'),
(133, 18, 'henry08', '매일 조금씩!', '매일 하니까 몸이 적응하는 느낌이에요.', 'luv..sun', 0, 1, '2025-06-02 10:00:00', '스트레칭', '상체', '중급'),
(134, 18, 'henry08', '운동 후엔 꼭 스트레칭!', '운동 후 스트레칭까지 챙기니 개운해요.', 'luv._.sun', 0, 8, '2025-06-04 07:00:00', '스트레칭', '상체', '중급'),
(135, 19, 'irene09', '하체 근력 운동 시작했어요', '몸이 무거웠는데 하고 나니 한결 가벼워졌어요.', 'moon.child_07', 0, 1, '2025-06-06 21:00:00', '근력운동', '하체', '초급'),
(136, 19, 'irene09', '꾸준히 챌린지 완료!', '오늘도 빠짐없이 챌린지 완료! 땀 흘리니 개운해요.', 'moon.child_07', 0, 2, '2025-06-06 21:00:00', '근력운동', '하체', '초급'),
(137, 19, 'irene09', '오늘도 힘내서!', '몸이 무거웠는데 하고 나니 한결 가벼워졌어요.', 'moon.child_07', 0, 2, '2025-06-02 09:00:00', '근력운동', '하체', '초급'),
(138, 19, 'irene09', '꾸준히 하니까 좋아요', '몸이 무거웠는데 하고 나니 한결 가벼워졌어요.', 'moon.child_07', 0, 1, '2025-06-04 21:00:00', '근력운동', '하체', '초급'),
(139, 19, 'irene09', '땀 흘리니 개운해요', '오늘도 빠짐없이 챌린지 완료! 땀 흘리니 개운해요.', 'moon.child_07', 0, 4, '2025-06-03 21:00:00', '근력운동', '하체', '초급'),
(140, 19, 'irene09', '스트레칭도 빼놓지 않고', '운동 후 스트레칭까지 챙기니 개운해요.', 'moon.child_07', 0, 6, '2025-06-03 10:00:00', '근력운동', '하체', '초급'),
(141, 19, 'irene09', '끝까지 해냈어요!', '조금 힘들었지만 끝까지 해냈어요. 기분 최고!', 'moon.child_07', 0, 3, '2025-06-05 20:00:00', '근력운동', '하체', '초급'),
(142, 20, 'jack10', '오늘도 열심히 뛰었어요', '조금 힘들었지만 끝까지 해냈어요. 기분 최고!', 'dreamy.skater', 0, 10, '2025-06-06 21:00:00', '유산소', '상체', '중급'),
(143, 20, 'jack10', '몸이 가벼워진 느낌', '몸이 무거웠는데 하고 나니 한결 가벼워졌어요.', 'dreamy.skater', 0, 7, '2025-06-05 11:00:00', '유산소', '상체', '중급'),
(144, 20, 'jack10', '끝까지 포기하지 않았어요', '살짝 힘들었지만 포기 안 하고 버텼어요.', 'dreamy.skater', 0, 3, '2025-06-07 17:00:00', '유산소', '상체', '중급'),
(145, 20, 'jack10', '가벼워진 몸을 느껴요', '몸이 무거웠는데 하고 나니 한결 가벼워졌어요.', 'dreamy.skater', 0, 6, '2025-06-06 09:00:00', '유산소', '상체', '중급'),
(146, 20, 'jack10', '힘들었지만 잘 버텼어요', '조금 힘들었지만 끝까지 해냈어요. 기분 최고!', 'dreamy.skater', 0, 2, '2025-06-03 07:00:00', '유산소', '상체', '중급'),
(147, 20, 'jack10', '끝까지 포기하지 않기', '살짝 힘들었지만 포기 안 하고 버텼어요.', 'dreamy.skater', 0, 3, '2025-06-07 20:00:00', '유산소', '상체', '중급'),
(148, 20, 'jack10', '가벼워진 몸을 느껴요', '몸이 무거웠는데 하고 나니 한결 가벼워졌어요.', 'dreamy.skater', 0, 7, '2025-06-05 13:00:00', '유산소', '상체', '중급');


select * from proof_board;
select * from proof_file;

INSERT INTO proof_file (proof_file_id, proof_board_id, file_upload_name, file_original_name, writer,file_url)
VALUES
(1, 1, 'sp1.jpg', 'sp1.jpg', '별난거북이', 'upload/sp1.jpg'),
(2, 2, 'sp2.jpg', 'sp2.jpg', '별난거북이', 'upload/sp2.jpg'),
(3, 3, 'sp3.jpg', 'sp3.jpg', '별난거북이', 'upload/sp3.jpg'),
(4, 4, 'sp4.jpg', 'sp4.jpg', '별난거북이', 'upload/sp4.jpg'),
(5, 5, 'sp5.jpg', 'sp5.jpg', '별난거북이', 'upload/sp5.jpg'),
(6, 6, 'sp6.jpg', 'sp6.jpg', '별난거북이', 'upload/sp6.jpg'),
(7, 7, 'sp7.jpg', 'sp7.jpg', '별난거북이', 'upload/sp7.jpg'),
(8, 8, 'sp8.jpg', 'sp8.jpg', '반짝토끼', 'upload/sp8.jpg'),
(9, 9, 'sp9.jpg', 'sp9.jpg', '반짝토끼', 'upload/sp9.jpg'),
(10, 10, 'sp10.jpg', 'sp10.jpg', '반짝토끼', 'upload/sp10.jpg'),
(11, 11, 'yp1.jpg', 'yp1.jpg', '반짝토끼', 'upload/yp1.jpg'),
(12, 12, 'yp2.jpg', 'yp2.jpg', '반짝토끼', 'upload/yp2.jpg'),
(13, 13, 'yp3.jpg', 'yp3.jpg', '반짝토끼', 'upload/yp3.jpg'),
(14, 14, 'yp4.jpg', 'yp4.jpg', '반짝토끼', 'upload/yp4.jpg'),
(15, 15, 'yp5.jpg', 'yp5.jpg', '반짝토끼', 'upload/yp5.jpg'),
(16, 16, 'yp6.jpg', 'yp6.jpg', '씩씩호랑이', 'upload/yp6.jpg'),
(17, 17, 'yp7.jpg', 'yp7.jpg', '씩씩호랑이', 'upload/yp7.jpg'),
(18, 18, 'yp8.jpg', 'yp8.jpg', '씩씩호랑이', 'upload/yp8.jpg'),
(19, 19, 'yp9.jpg', 'yp9.jpg', '씩씩호랑이', 'upload/yp9.jpg'),
(20, 20, 'yp1.jpg', 'yp1.jpg', '씩씩호랑이', 'upload/yp1.jpg'),
(21, 21, 'yp2.jpg', 'yp2.jpg', '씩씩호랑이', 'upload/yp2.jpg'),
(22, 22, 'yp3.jpg', 'yp3.jpg', '씩씩호랑이', 'upload/yp3.jpg'),
(23, 23, 'yp4.jpg', 'yp4.jpg', '달콤여우', 'upload/yp4.jpg'),
(24, 24, 'yp5.jpg', 'yp5.jpg', '달콤여우', 'upload/yp5.jpg'),
(25, 25, 'yp6.jpg', 'yp6.jpg', '달콤여우', 'upload/yp6.jpg'),
(26, 26, 'yp7.jpg', 'yp7.jpg', '달콤여우', 'upload/yp7.jpg'),
(27, 27, 'rp1.jpg', 'rp1.jpg', '달콤여우', 'upload/rp1.jpg'),
(28, 28, 'rp2.jpg', 'rp2.jpg', '달콤여우', 'upload/rp2.jpg'),
(29, 29, 'rp3.jpg', 'rp3.jpg', '달콤여우', 'upload/rp3.jpg'),
(30, 30, 'rp4.jpg', 'rp4.jpg', '달콤여우', 'upload/rp4.jpg'),
(31, 31, 'rp5.jpg', 'rp5.jpg', '차분펭귄', 'upload/rp5.jpg'),
(32, 32, 'rp6.jpg', 'rp6.jpg', '차분펭귄', 'upload/rp6.jpg'),
(33, 33, 'rp7.jpg', 'rp7.jpg', '차분펭귄', 'upload/rp7.jpg'),
(34, 34, 'rp8.jpg', 'rp8.jpg', '차분펭귄', 'upload/rp8.jpg'),
(35, 35, 'rp9.jpg', 'rp9.jpg', '차분펭귄', 'upload/rp9.jpg'),
(36, 36, 'rp10.jpg', 'rp10.jpg', '차분펭귄', 'upload/rp10.jpg'),
(37, 37, 'rp1.jpg', 'rp1.jpg', '차분펭귄', 'upload/rp1.jpg'),
(38, 38, 'rp2.jpg', 'rp3.jpg', '차분펭귄', 'upload/rp2.jpg'),
(39, 39, 'rp3.jpg', 'rp4.jpg', '차분펭귄', 'upload/rp3.jpg'),
(40, 40, 'pp1.jpg', 'pp1.jpg', 'h.infin', 'upload/pp1.jpg'),
(41, 41, 'pp2.jpg', 'pp2.jpg', 'h.infin', 'upload/pp2.jpg'),
(42, 42, 'pp3.jpg', 'pp3.jpg', 'h.infin', 'upload/pp3.jpg'),
(43, 43, 'pp4.jpg', 'pp4.jpg', 'h.infin', 'upload/pp4.jpg'),
(44, 44, 'pp5.jpg', 'pp5.jpg', 'h.infin', 'upload/pp5.jpg'),
(45, 45, 'pp6.jpg', 'pp6.jpg', 'h.infin', 'upload/pp6.jpg'),
(46, 46, 'pp7.jpg', 'pp7.jpg', 'h.infin', 'upload/pp7.jpg'),
(47, 47, 'pp8.jpg', 'pp8.jpg', 'h.infin', 'upload/pp8.jpg'),
(48, 48, 'pp9.jpg', 'pp9.jpg', 'h.infin', 'upload/pp9.jpg'),
(49, 49, 'pp1.jpg', 'pp1.jpg', 'hrs._.1013', 'upload/pp1.jpg'),
(50, 50, 'pp2.jpg', 'pp2.jpg', 'hrs._.1013', 'upload/pp2.jpg'),
(51, 51, 'pp3.jpg', 'pp3.jpg', 'hrs._.1013', 'upload/pp3.jpg'),
(52, 52, 'pp4.jpg', 'pp4.jpg', 'hrs._.1013', 'upload/pp4.jpg'),
(53, 53, 'pp5.jpg', 'pp5.jpg', 'hrs._.1013', 'upload/pp5.jpg'),
(54, 54, 'pp6.jpg', 'pp6.jpg', 'hrs._.1013', 'upload/pp6.jpg'),
(55, 55, 'pp7.jpg', 'pp7.jpg', 'hrs._.1013', 'upload/pp7.jpg'),
(56, 56, 'pp8.jpg', 'pp8.jpg', 'hrs._.1013', 'upload/pp8.jpg'),
(57, 57, 'pp9.jpg', 'pp9.jpg', 'hrs._.1013', 'upload/pp9.jpg'),
(58, 58, 'pp1.jpg', 'pp1.jpg', 'hrs._.1013', 'upload/pp1.jpg'),
(59, 59, 'pp2.jpg', 'pp2.jpg', 'luv._.sun', 'upload/pp2.jpg'),
(60, 60, 'pp3.jpg', 'pp3.jpg', 'luv._.sun', 'upload/pp3.jpg'),
(61, 61, 'sp1.jpg', 'sp1.jpg', 'luv._.sun', 'upload/sp1.jpg'),
(62, 62, 'sp2.jpg', 'sp2.jpg', 'luv._.sun', 'upload/sp2.jpg'),
(63, 63, 'sp3.jpg', 'sp3.jpg', 'luv._.sun', 'upload/sp3.jpg'),
(64, 64, 'sp4.jpg', 'sp4.jpg', 'luv._.sun', 'upload/sp4.jpg'),
(65, 65, 'sp5.jpg', 'sp5.jpg', 'luv._.sun', 'upload/sp5.jpg'),
(66, 66, 'sp6.jpg', 'sp6.jpg', 'luv._.sun', 'upload/sp6.jpg'),
(67, 67, 'sp7.jpg', 'sp7.jpg', 'luv._.sun', 'upload/sp7.jpg'),
(68, 68, 'sp8.jpg', 'sp8.jpg', 'moon.child_07', 'upload/sp8.jpg'),
(69, 69, 'sp9.jpg', 'sp9.jpg', 'moon.child_07', 'upload/sp9.jpg'),
(70, 70, 'sp10.jpg', 'sp10.jpg', 'moon.child_07', 'upload/sp10.jpg'),
(71, 71, 'sp1.jpg', 'sp1.jpg', 'moon.child_07', 'upload/sp1.jpg'),
(72, 72, 'sp2.jpg', 'sp2.jpg', 'moon.child_07', 'upload/sp2.jpg'),
(73, 73, 'sp3.jpg', 'sp3.jpg', 'moon.child_07', 'upload/sp3.jpg'),
(74, 74, 'sp4.jpg', 'sp4.jpg', 'moon.child_07', 'upload/sp4.jpg'),
(75, 75, 'sp5.jpg', 'sp5.jpg', 'moon.child_07', 'upload/sp5.jpg'),
(76, 76, 'sp6.jpg', 'sp6.jpg', 'moon.child_07', 'upload/sp6.jpg'),
(77, 77, 'yp1.jpg', 'yp1.jpg', 'dreamy.skater', 'upload/yp1.jpg'),
(78, 78, 'yp2.jpg', 'yp2.jpg', 'dreamy.skater', 'upload/yp2.jpg'),
(79, 79, 'yp3.jpg', 'yp3.jpg', 'dreamy.skater', 'upload/yp3.jpg'),
(80, 80, 'yp4.jpg', 'yp4.jpg', 'dreamy.skater', 'upload/yp4.jpg'),
(81, 81, 'yp5.jpg', 'yp5.jpg', 'dreamy.skater', 'upload/yp5.jpg'),
(82, 82, 'yp6.jpg', 'yp6.jpg', 'dreamy.skater', 'upload/yp6.jpg'),
(83, 83, 'yp7.jpg', 'yp7.jpg', 'dreamy.skater', 'upload/yp7.jpg'),
(84, 84, 'yp8.jpg', 'yp8.jpg', 'dreamy.skater', 'upload/yp8.jpg'),
(85, 85, 'yp9.jpg', 'yp9.jpg', '별난거북이', 'upload/yp9.jpg'),
(86, 86, 'yp1.jpg', 'yp1.jpg', '별난거북이', 'upload/yp1.jpg'),
(87, 87, 'yp2.jpg', 'yp2.jpg', '별난거북이', 'upload/yp2.jpg'),
(88, 88, 'yp3.jpg', 'yp3.jpg', '별난거북이', 'upload/yp3.jpg'),
(89, 89, 'yp4.jpg', 'yp4.jpg', '별난거북이', 'upload/yp4.jpg'),
(90, 90, 'yp5.jpg', 'yp5.jpg', '반짝토끼', 'upload/yp5.jpg'),
(91, 91, 'yp6.jpg', 'yp6.jpg', '반짝토끼', 'upload/yp6.jpg'),
(92, 92, 'yp7.jpg', 'yp7.jpg', '반짝토끼', 'upload/yp7.jpg'),
(93, 93, 'rp1.jpg', 'rp1.jpg', '반짝토끼', 'upload/rp1.jpg'),
(94, 94, 'rp2.jpg', 'rp2.jpg', '반짝토끼', 'upload/rp2.jpg'),
(95, 95, 'rp3.jpg', 'rp3.jpg', '씩씩호랑이', 'upload/rp3.jpg'),
(96, 96, 'rp4.jpg', 'rp4.jpg', '씩씩호랑이', 'upload/rp4.jpg'),
(97, 97, 'rp5.jpg', 'rp5.jpg', '씩씩호랑이', 'upload/rp5.jpg'),
(98, 98, 'rp6.jpg', 'rp6.jpg', '씩씩호랑이', 'upload/rp6.jpg'),
(99, 99, 'rp7.jpg', 'rp7.jpg', '씩씩호랑이', 'upload/rp7.jpg'),
(100, 100, 'pp1.jpg', 'pp1.jpg', '씩씩호랑이', 'upload/pp1.jpg'),
(101, 101, 'pp2.jpg', 'pp2.jpg', '씩씩호랑이', 'upload/pp2.jpg'),
(102, 102, 'pp3.jpg', 'pp3.jpg', '씩씩호랑이', 'upload/pp3.jpg'),
(103, 103, 'pp4.jpg', 'pp4.jpg', '씩씩호랑이', 'upload/pp4.jpg'),
(104, 104, 'pp5.jpg', 'pp5.jpg', '씩씩호랑이', 'upload/pp5.jpg'),
(105, 105, 'pp6.jpg', 'pp6.jpg', '달콤여우', 'upload/pp6.jpg'),
(106, 106, 'pp7.jpg', 'pp7.jpg', '달콤여우', 'upload/pp7.jpg'),
(107, 107, 'pp8.jpg', 'pp8.jpg', '달콤여우', 'upload/pp8.jpg'),
(108, 108, 'pp9.jpg', 'pp9.jpg', '달콤여우', 'upload/pp9.jpg'),
(109, 109, 'pp1.jpg', 'pp1.jpg', '달콤여우', 'upload/pp1.jpg'),
(110, 110, 'pp2.jpg', 'pp2.jpg', '달콤여우', 'upload/pp2.jpg'),
(111, 111, 'pp3.jpg', 'pp3.jpg', '차분펭귄', 'upload/pp3.jpg'),
(112, 112, 'pp4.jpg', 'pp4.jpg', '차분펭귄', 'upload/pp4.jpg'),
(113, 113, 'pp5.jpg', 'pp5.jpg', '차분펭귄', 'upload/pp5.jpg'),
(114, 114, 'pp6.jpg', 'pp6.jpg', '차분펭귄', 'upload/pp6.jpg'),
(115, 115, 'pp7.jpg', 'pp7.jpg', '차분펭귄', 'upload/pp7.jpg'),
(116, 116, 'pp8.jpg', 'pp8.jpg', 'h.infin', 'upload/pp8.jpg'),
(117, 117, 'pp9.jpg', 'pp9.jpg', 'h.infin', 'upload/pp9.jpg'),
(118, 118, 'pp1.jpg', 'pp1.jpg', 'h.infin', 'upload/pp1.jpg'),
(119, 119, 'pp2.jpg', 'pp2.jpg', 'h.infin', 'upload/pp2.jpg'),
(120, 120, 'pp3.jpg', 'pp3.jpg', 'h.infin', 'upload/pp3.jpg'),
(121, 121, 'sp1.jpg', 'sp1.jpg', 'hrs._.1013', 'upload/sp1.jpg'),
(122, 122, 'sp2.jpg', 'sp2.jpg', 'hrs._.1013', 'upload/sp2.jpg'),
(123, 123, 'sp3.jpg', 'sp3.jpg', 'hrs._.1013', 'upload/sp3.jpg'),
(124, 124, 'sp4.jpg', 'sp4.jpg', 'hrs._.1013', 'upload/sp4.jpg'),
(125, 125, 'sp5.jpg', 'sp5.jpg', 'hrs._.1013', 'upload/sp5.jpg'),
(126, 126, 'sp6.jpg', 'sp6.jpg', 'hrs._.1013', 'upload/sp6.jpg'),
(127, 127, 'sp7.jpg', 'sp7.jpg', 'hrs._.1013', 'upload/sp7.jpg'),
(128, 128, 'sp8.jpg', 'sp8.jpg', 'luv._.sun', 'upload/sp8.jpg'),
(129, 129, 'sp9.jpg', 'sp9.jpg', 'luv._.sun', 'upload/sp9.jpg'),
(130, 130, 'sp10.jpg', 'sp10.jpg', 'luv._.sun', 'upload/sp10.jpg'),
(131, 131, 'sp1.jpg', 'sp1.jpg', 'luv._.sun', 'upload/sp1.jpg'),
(132, 132, 'sp2.jpg', 'sp2.jpg', 'luv._.sun', 'upload/sp2.jpg'),
(133, 133, 'sp3.jpg', 'sp3.jpg', 'luv._.sun', 'upload/sp3.jpg'),
(134, 134, 'sp4.jpg', 'sp4.jpg', 'luv._.sun', 'upload/sp4.jpg'),
(135, 135, 'sp5.jpg', 'sp5.jpg', 'moon.child_07', 'upload/sp5.jpg'),
(136, 136, 'sp6.jpg', 'sp6.jpg', 'moon.child_07', 'upload/sp6.jpg'),
(137, 137, 'sp7.jpg', 'sp7.jpg', 'moon.child_07', 'upload/sp7.jpg'),
(138, 138, 'sp8.jpg', 'sp8.jpg', 'moon.child_07', 'upload/sp8.jpg'),
(139, 139, 'sp9.jpg', 'sp9.jpg', 'moon.child_07', 'upload/sp9.jpg'),
(140, 140, 'sp10.jpg', 'sp10.jpg', 'moon.child_07', 'upload/sp10.jpg'),
(141, 141, 'sp1.jpg', 'sp1.jpg', 'moon.child_07', 'upload/sp1.jpg'),
(142, 142, 'sp2.jpg', 'sp2.jpg', 'dreamy.skater', 'upload/sp2.jpg'),
(143, 143, 'sp3.jpg', 'sp3.jpg', 'dreamy.skater', 'upload/sp3.jpg'),
(144, 144, 'sp4.jpg', 'sp4.jpg', 'dreamy.skater', 'upload/sp4.jpg'),
(145, 145, 'rp2.jpg', 'rp2.jpg', 'dreamy.skater', 'upload/rp2.jpg'),
(146, 146, 'rp3.jpg', 'rp3.jpg', 'dreamy.skater', 'upload/rp3.jpg'),
(147, 147, 'rp4.jpg', 'rp4.jpg', 'dreamy.skater', 'upload/rp4.jpg'),
(148, 148, 'rp5.jpg', 'rp5.jpg', 'dreamy.skater', 'upload/rp5.jpg');


INSERT INTO proof_like(proof_board_id,writer) VALUES
(1, 'h.infin'),
(1, 'dreamy.skater'),
(1, '별난거북이'),
(1, 'luv._.sun'),
(2, '별난거북이'),
(2, '반짝토끼'),
(2, '달콤여우'),
(2, '씩씩호랑이'),
(2, 'h.infin'),
(3, 'hrs._.1013'),
(3, 'h.infin'),
(3, 'moon.child_07'),
(3, '차분펭귄'),
(4, '차분펭귄'),
(4, 'h.infin'),
(5, 'moon.child_07'),
(5, 'luv._.sun'),
(5, '씩씩호랑이'),
(6, '반짝토끼'),
(6, 'dreamy.skater'),
(6, 'luv._.sun'),
(6, 'hrs._.1013'),
(6, '차분펭귄'),
(9, '별난거북이'),
(9, '반짝토끼'),
(9, 'moon.child_07'),
(10, '차분펭귄'),
(10, 'h.infin'),
(11, 'hrs._.1013'),
(11, '씩씩호랑이'),
(11, '반짝토끼'),
(11, '차분펭귄'),
(11, 'dreamy.skater'),
(12, '별난거북이'),
(13, 'hrs._.1013'),
(13, 'h.infin'),
(13, '차분펭귄'),
(14, '달콤여우'),
(14, '씩씩호랑이'),
(14, '별난거북이'),
(14, 'hrs._.1013'),
(14, '차분펭귄'),
(15, 'h.infin'),
(15, 'dreamy.skater'),
(15, '차분펭귄'),
(16, '달콤여우'),
(16, '별난거북이'),
(17, 'luv._.sun'),
(17, '씩씩호랑이'),
(17, '반짝토끼'),
(18, '차분펭귄'),
(19, '별난거북이'),
(19, 'hrs._.1013');


select * from proof_like;
