INSERT INTO proof_board(proof_board_id,challenge_board_id,user_id,title,content,writer,view_count,like_count,reg_date,exercise_type,body_part,`level`) 
VALUES
(1, 1, 'alice01', '비 오는 날에도 굿!', '비 오는 날이라 실내에서 했는데 잘 했네요.', '별난거북이', 0, 1, '2025-05-15 18:00:00', '근력운동', '하체', '초급'),
(2, 1, 'alice01', '꾸준함이 힘이다!', '시간 없었지만 틈틈이 나눠서 했어요. 꾸준함이 답!', '별난거북이', 0, 5, '2025-05-15 22:00:00', '근력운동', '하체', '초급'),
(3, 1, 'alice01', '몸이 가벼워졌어요!', '시간 없었지만 틈틈이 나눠서 했어요. 꾸준함이 답!', '별난거북이', 0, 2, '2025-05-16 06:00:00', '근력운동', '하체', '초급'),
(4, 1, 'alice01', '스트레칭 후 개운한 기분', '몸이 무거웠는데 하고 나니 한결 가벼워졌어요.', '별난거북이', 0, 3, '2025-05-19 10:00:00', '근력운동', '하체', '초급'),
(5, 1, 'alice01', '힘들어도 포기하지 않았어요', '매일 하니까 몸이 적응하는 느낌이에요.', '별난거북이', 0, 6, '2025-05-17 08:00:00', '근력운동', '하체', '초급'),
(6, 1, 'alice01', '챌린지 완료! 땀 흘렸어요', '운동 후 스트레칭까지 챙기니 개운해요.', '별난거북이', 0, 1, '2025-05-15 09:00:00', '근력운동', '하체', '초급'),
(7, 1, 'alice01', '적응 중인 몸의 변화', '살짝 힘들었지만 포기 안 하고 버텼어요.', '별난거북이', 0, 9, '2025-05-18 14:00:00', '근력운동', '하체', '초급'),
(8, 2, 'bob02', '동작이 잘 맞아서 뿌듯해요', '운동 후 스트레칭까지 챙기니 개운해요.', '반짝토끼', 0, 4, '2025-05-20 09:00:00', '유산소', '상체', '중급'),
(9, 2, 'bob02', '하루의 활력 충전 완료!', '살짝 힘들었지만 포기 안 하고 버텼어요.', '반짝토끼', 0, 9, '2025-05-17 17:00:00', '유산소', '상체', '중급'),
(10, 2, 'bob02', '오늘도 도전 성공!', '오늘도 빠짐없이 챌린지 완료! 땀 흘리니 개운해요.', '반짝토끼', 0, 9, '2025-05-20 20:00:00', '유산소', '상체', '중급'),
(11, 2, 'bob02', '비 오는 날에도 굿!', '몸이 무거웠는데 하고 나니 한결 가벼워졌어요.', '반짝토끼', 0, 8, '2025-05-17 20:00:00', '유산소', '상체', '중급'),
(12, 2, 'bob02', '꾸준함이 힘이다!', '시간 없었지만 틈틈이 나눠서 했어요. 꾸준함이 답!', '반짝토끼', 0, 10, '2025-05-16 14:00:00', '유산소', '상체', '중급'),
(13, 2, 'bob02', '몸이 가벼워졌어요!', '비 오는 날이라 실내에서 했는데 잘 했네요.', '반짝토끼', 0, 9, '2025-05-19 19:00:00', '유산소', '상체', '중급'),
(14, 2, 'bob02', '스트레칭 후 개운한 기분', '비 오는 날이라 실내에서 했는데 잘 했네요.', '반짝토끼', 0, 5, '2025-05-19 09:00:00', '유산소', '상체', '중급'),
(15, 2, 'bob02', '힘들어도 포기하지 않았어요', '매일 하니까 몸이 적응하는 느낌이에요.', '반짝토끼', 0, 1, '2025-05-18 09:00:00', '유산소', '상체', '중급'),
(16, 3, 'carol03', '챌린지 완료! 땀 흘렸어요', '운동 후 스트레칭까지 챙기니 개운해요.', '씩씩호랑이', 0, 2, '2025-05-17 20:00:00', '스트레칭', '하체', '초급'),
(17, 3, 'carol03', '적응 중인 몸의 변화', '비 오는 날이라 실내에서 했는데 잘 했네요.', '씩씩호랑이', 0, 7, '2025-05-19 15:00:00', '스트레칭', '하체', '초급'),
(18, 3, 'carol03', '하루의 활력 충전 완료!', '매일 하니까 몸이 적응하는 느낌이에요.', '씩씩호랑이', 0, 2, '2025-05-18 17:00:00', '스트레칭', '하체', '초급'),
(19, 3, 'carol03', '힘들어도 포기하지 않았어요', '조금 힘들었지만 끝까지 해냈어요. 기분 최고!', '씩씩호랑이', 0, 7, '2025-05-21 15:00:00', '스트레칭', '하체', '초급'),
(20, 3, 'carol03', '몸이 가벼워졌어요!', '몸이 무거웠는데 하고 나니 한결 가벼워졌어요.', '씩씩호랑이', 0, 3, '2025-05-19 14:00:00', '스트레칭', '하체', '초급'),
(21, 3, 'carol03', '포기하지 않고 버텼어요', '살짝 힘들었지만 포기 안 하고 버텼어요.', '씩씩호랑이', 0, 0, '2025-05-17 10:00:00', '스트레칭', '하체', '초급'),
(22, 3, 'carol03', '동작이 잘 맞아서 뿌듯해요', '오늘은 동작이 꽤 잘 맞았어요. 만족!', '씩씩호랑이', 0, 5, '2025-05-20 07:00:00', '스트레칭', '하체', '초급'),
(23, 4, 'dave04', '오늘도 도전 성공!', '오늘도 빠짐없이 챌린지 완료! 땀 흘리니 개운해요.', '달콤여우', 0, 6, '2025-05-21 15:00:00', '근력운동', '상체', '중급'),
(24, 4, 'dave04', '꾸준함이 힘이다!', '시간 없었지만 틈틈이 나눠서 했어요. 꾸준함이 답!', '달콤여우', 0, 5, '2025-05-21 18:00:00', '근력운동', '상체', '중급'),
(25, 4, 'dave04', '하루의 활력 충전 완료!', '매일 하니까 몸이 적응하는 느낌이에요.', '달콤여우', 0, 6, '2025-05-22 12:00:00', '근력운동', '상체', '중급'),
(26, 4, 'dave04', '하루의 활력 충전 완료!', '매일 하니까 몸이 적응하는 느낌이에요.', '달콤여우', 0, 7, '2025-05-20 20:00:00', '근력운동', '상체', '중급'),
(27, 4, 'dave04', '힘들어도 포기하지 않았어요', '살짝 힘들었지만 포기 안 하고 버텼어요.', '달콤여우', 0, 3, '2025-05-20 18:00:00', '근력운동', '상체', '중급'),
(28, 4, 'dave04', '동작이 잘 맞아서 뿌듯해요', '오늘은 동작이 꽤 잘 맞았어요. 만족!', '달콤여우', 0, 7, '2025-05-19 12:00:00', '근력운동', '상체', '중급'),
(29, 4, 'dave04', '꾸준함이 힘이다!', '시간 없었지만 틈틈이 나눠서 했어요. 꾸준함이 답!', '달콤여우', 0, 9, '2025-05-21 14:00:00', '근력운동', '상체', '중급'),
(30, 4, 'dave04', '몸이 가벼워졌어요!', '몸이 무거웠는데 하고 나니 한결 가벼워졌어요.', '달콤여우', 0, 10, '2025-05-20 09:00:00', '근력운동', '상체', '중급'),
(31, 5, 'ellen05', '챌린지 완료! 땀 흘렸어요', '운동 후 스트레칭까지 챙기니 개운해요.', '차분펭귄', 0, 5, '2025-05-22 07:00:00', '유산소', '하체', '초급'),
(32, 5, 'ellen05', '비 오는 날 실내 운동!', '비 오는 날이라 실내에서 했는데 잘 했네요.', '차분펭귄', 0, 0, '2025-05-23 11:00:00', '유산소', '하체', '초급'),
(33, 5, 'ellen05', '조금 힘들었지만 포기 없어요', '살짝 힘들었지만 포기 안 하고 버텼어요.', '차분펭귄', 0, 10, '2025-05-22 08:00:00', '유산소', '하체', '초급'),
(34, 5, 'ellen05', '스트레칭까지 꼭!', '운동 후 스트레칭까지 챙기니 개운해요.', '차분펭귄', 0, 5, '2025-05-20 09:00:00', '유산소', '하체', '초급'),
(35, 5, 'ellen05', '운동 후 몸이 가벼워졌어요', '몸이 무거웠는데 하고 나니 한결 가벼워졌어요.', '차분펭귄', 0, 3, '2025-05-23 17:00:00', '유산소', '하체', '초급'),
(36, 5, 'ellen05', '끝까지 버텼어요!', '살짝 힘들었지만 포기 안 하고 버텼어요.', '차분펭귄', 0, 6, '2025-05-23 22:00:00', '유산소', '하체', '초급'),
(37, 5, 'ellen05', '비 오는 날에도 운동 완료', '비 오는 날이라 실내에서 했는데 잘 했네요.', '차분펭귄', 0, 0, '2025-05-23 09:00:00', '유산소', '하체', '초급'),
(38, 5, 'ellen05', '힘들어도 끝까지!', '조금 힘들었지만 끝까지 해냈어요. 기분 최고!', '차분펭귄', 0, 4, '2025-05-22 17:00:00', '유산소', '하체', '초급'),
(39, 5, 'ellen05', '꾸준함이 힘!', '살짝 힘들었지만 포기 안 하고 버텼어요.', '차분펭귄', 0, 5, '2025-05-23 21:00:00', '유산소', '하체', '초급'),
(40, 6, 'fiona06', '가벼워진 몸!', '몸이 무거웠는데 하고 나니 한결 가벼워졌어요.', 'h.infin', 0, 3, '2025-05-24 22:00:00', '스트레칭', '상체', '중급'),
(41, 6, 'fiona06', '챌린지 매일 완료!', '오늘도 빠짐없이 챌린지 완료! 땀 흘리니 개운해요.', 'h.infin', 0, 8, '2025-05-20 19:00:00', '스트레칭', '상체', '중급'),
(42, 6, 'fiona06', '기분 최고!', '조금 힘들었지만 끝까지 해냈어요. 기분 최고!', 'h.infin', 0, 8, '2025-05-23 16:00:00', '스트레칭', '상체', '중급'),
(43, 6, 'fiona06', '꾸준함이 답!', '오늘도 빠짐없이 챌린지 완료! 땀 흘리니 개운해요.', 'h.infin', 0, 0, '2025-05-22 18:00:00', '스트레칭', '상체', '중급'),
(44, 6, 'fiona06', '스트레칭까지 완벽!', '운동 후 스트레칭까지 챙기니 개운해요.', 'h.infin', 0, 8, '2025-05-24 21:00:00', '스트레칭', '상체', '중급'),
(45, 6, 'fiona06', '몸이 한결 가벼워졌어요', '몸이 무거웠는데 하고 나니 한결 가벼워졌어요.', 'h.infin', 0, 8, '2025-05-24 09:00:00', '스트레칭', '상체', '중급'),
(46, 6, 'fiona06', '틈틈이 꾸준히!', '시간 없었지만 틈틈이 나눠서 했어요. 꾸준함이 답!', 'h.infin', 0, 7, '2025-05-23 17:00:00', '스트레칭', '상체', '중급'),
(47, 6, 'fiona06', '비 오는 날 실내 운동 완료', '비 오는 날이라 실내에서 했는데 잘 했네요.', 'h.infin', 0, 0, '2025-05-23 10:00:00', '스트레칭', '상체', '중급'),
(48, 6, 'fiona06', '틈틈이 나눠서 했어요', '시간 없었지만 틈틈이 나눠서 했어요. 꾸준함이 답!', 'h.infin', 0, 4, '2025-05-24 17:00:00', '스트레칭', '상체', '중급'),
(49, 7, 'george07', '몸이 적응하는 중!', '매일 하니까 몸이 적응하는 느낌이에요.', 'hrs._.1013', 0, 2, '2025-05-24 16:00:00', '근력운동', '하체', '초급'),
(50, 7, 'george07', '운동 후 한결 가벼워졌어요', '몸이 무거웠는데 하고 나니 한결 가벼워졌어요.', 'hrs._.1013', 0, 8, '2025-05-23 10:00:00', '근력운동', '하체', '초급'),
(51, 7, 'george07', '하루 활력 충전 완료!', '오늘도 인증 완료! 하루의 활력 충전 완료!', 'hrs._.1013', 0, 4, '2025-05-25 17:00:00', '근력운동', '하체', '초급'),
(52, 7, 'george07', '틈틈이 나누어 꾸준히', '시간 없었지만 틈틈이 나눠서 했어요. 꾸준함이 답!', 'hrs._.1013', 0, 3, '2025-05-25 07:00:00', '근력운동', '하체', '초급'),
(53, 7, 'george07', '꾸준함이 답이에요', '시간 없었지만 틈틈이 나눠서 했어요. 꾸준함이 답!', 'hrs._.1013', 0, 7, '2025-05-25 16:00:00', '근력운동', '하체', '초급'),
(54, 7, 'george07', '활력 충전 완료!', '오늘도 인증 완료! 하루의 활력 충전 완료!', 'hrs._.1013', 0, 5, '2025-05-22 07:00:00', '근력운동', '하체', '초급'),
(55, 7, 'george07', '몸이 점점 적응해요', '매일 하니까 몸이 적응하는 느낌이에요.', 'hrs._.1013', 0, 9, '2025-05-21 10:00:00', '근력운동', '하체', '초급'),
(56, 7, 'george07', '끝까지 해냈어요!', '조금 힘들었지만 끝까지 해냈어요. 기분 최고!', 'hrs._.1013', 0, 9, '2025-05-21 20:00:00', '근력운동', '하체', '초급'),
(57, 7, 'george07', '챌린지 완료! 개운해요', '오늘도 빠짐없이 챌린지 완료! 땀 흘리니 개운해요.', 'hrs._.1013', 0, 5, '2025-05-23 07:00:00', '근력운동', '하체', '초급'),
(58, 7, 'george07', '점점 몸이 적응하는 느낌', '매일 하니까 몸이 적응하는 느낌이에요.', 'hrs._.1013', 0, 5, '2025-05-24 19:00:00', '근력운동', '하체', '초급'),
(59, 8, 'henry08', '운동 후 몸이 한결 가벼워졌어요', '몸이 무거웠는데 하고 나니 한결 가벼워졌어요.', 'luv._.sun', 0, 3, '2025-05-22 21:00:00', '유산소', '상체', '중급'),
(60, 8, 'henry08', '끝까지 해냈어요! 기분 최고', '조금 힘들었지만 끝까지 해냈어요. 기분 최고!', 'luv._.sun', 0, 6, '2025-05-23 07:00:00', '유산소', '상체', '중급'),
(61, 8, 'henry08', '틈틈이 꾸준히!', '시간 없었지만 틈틈이 나눠서 했어요. 꾸준함이 답!', 'luv._.sun', 0, 0, '2025-05-23 06:00:00', '유산소', '상체', '중급'),
(62, 8, 'henry08', '가벼워진 몸!', '몸이 무거웠는데 하고 나니 한결 가벼워졌어요.', 'luv._.sun', 0, 8, '2025-05-25 12:00:00', '유산소', '상체', '중급'),
(63, 8, 'henry08', '포기 없이 버텼어요', '살짝 힘들었지만 포기 안 하고 버텼어요.', 'luv._.sun', 0, 5, '2025-05-22 20:00:00', '유산소', '상체', '중급'),
(64, 8, 'henry08', '하루 활력 충전 완료!', '오늘도 인증 완료! 하루의 활력 충전 완료!', 'luv._.sun', 0, 2, '2025-05-24 18:00:00', '유산소', '상체', '중급'),
(65, 8, 'henry08', '몸이 적응하는 중이에요', '매일 하니까 몸이 적응하는 느낌이에요.', 'luv._.sun', 0, 0, '2025-05-25 11:00:00', '유산소', '상체', '중급'),
(66, 8, 'henry08', '끝까지 해냈어요! 기분 최고', '조금 힘들었지만 끝까지 해냈어요. 기분 최고!', 'luv._.sun', 0, 3, '2025-05-25 08:00:00', '유산소', '상체', '중급'),
(67, 8, 'henry08', '몸이 점점 적응 중', '매일 하니까 몸이 적응하는 느낌이에요.', 'luv._.sun', 0, 1, '2025-05-24 06:00:00', '유산소', '상체', '중급'),
(68, 9, 'irene09', '포기 없이 버텼어요', '살짝 힘들었지만 포기 안 하고 버텼어요.', 'moon.child_07', 0, 0, '2025-05-26 06:00:00', '스트레칭', '하체', '초급'),
(69, 9, 'irene09', '포기 없이 버텼어요', '살짝 힘들었지만 포기 안 하고 버텼어요.', 'moon.child_07', 0, 5, '2025-05-24 13:00:00', '스트레칭', '하체', '초급'),
(70, 9, 'irene09', '스트레칭까지 완벽하게', '운동 후 스트레칭까지 챙기니 개운해요.', 'moon.child_07', 0, 2, '2025-05-26 11:00:00', '스트레칭', '하체', '초급'),
(71, 9, 'irene09', '몸이 한결 가벼워졌어요', '몸이 무거웠는데 하고 나니 한결 가벼워졌어요.', 'moon.child_07', 0, 10, '2025-05-24 15:00:00', '스트레칭', '하체', '초급'),
(72, 9, 'irene09', '스트레칭 꾸준히 하고 있어요!', '매일 하니까 몸이 적응하는 느낌이에요.', 'moon.child_07', 0, 7, '2025-05-27 12:00:00', '스트레칭', '하체', '초급'),
(73, 9, 'irene09', '아침에 스트레칭도 했어요', '매일 하니까 몸이 적응하는 느낌이에요.', 'moon.child_07', 0, 1, '2025-05-26 08:00:00', '스트레칭', '하체', '초급'),
(74, 9, 'irene09', '힘들었지만 포기하지 않았어요!', '조금 힘들었지만 끝까지 해냈어요. 기분 최고!', 'moon.child_07', 0, 1, '2025-05-23 21:00:00', '스트레칭', '하체', '초급'),
(75, 9, 'irene09', '짬짬이 시간 내서 스트레칭했어요', '시간 없었지만 틈틈이 나눠서 했어요. 꾸준함이 답!', 'moon.child_07', 0, 10, '2025-05-27 16:00:00', '스트레칭', '하체', '초급'),
(76, 9, 'irene09', '비 오는 날 실내 스트레칭', '비 오는 날이라 실내에서 했는데 잘 했네요.', 'moon.child_07', 0, 2, '2025-05-24 15:00:00', '스트레칭', '하체', '초급'),
(77, 10, 'jack10', '상체 근력운동 계속해요!', '매일 하니까 몸이 적응하는 느낌이에요.', 'dreamy.skater', 0, 10, '2025-05-26 07:00:00', '근력운동', '상체', '중급'),
(78, 10, 'jack10', '근력운동 후 몸이 가벼워졌어요', '몸이 무거웠는데 하고 나니 한결 가벼워졌어요.', 'dreamy.skater', 0, 8, '2025-05-26 17:00:00', '근력운동', '상체', '중급'),
(79, 10, 'jack10', '꾸준한 상체 운동 중입니다', '매일 하니까 몸이 적응하는 느낌이에요.', 'dreamy.skater', 0, 5, '2025-05-27 11:00:00', '근력운동', '상체', '중급'),
(80, 10, 'jack10', '오늘도 근력운동 완료!', '매일 하니까 몸이 적응하는 느낌이에요.', 'dreamy.skater', 0, 6, '2025-05-28 17:00:00', '근력운동', '상체', '중급'),
(81, 10, 'jack10', '챌린지 오늘도 클리어!', '오늘도 빠짐없이 챌린지 완료! 땀 흘리니 개운해요.', 'dreamy.skater', 0, 1, '2025-05-28 22:00:00', '근력운동', '상체', '중급'),
(82, 10, 'jack10', '힘들어도 포기하지 않아요', '살짝 힘들었지만 포기 안 하고 버텼어요.', 'dreamy.skater', 0, 3, '2025-05-26 13:00:00', '근력운동', '상체', '중급'),
(83, 10, 'jack10', '하루의 활력 충전 완료!', '오늘도 인증 완료! 하루의 활력 충전 완료!', 'dreamy.skater', 0, 10, '2025-05-25 09:00:00', '근력운동', '상체', '중급'),
(84, 10, 'jack10', '근력운동 후 가벼워진 몸', '몸이 무거웠는데 하고 나니 한결 가벼워졌어요.', 'dreamy.skater', 0, 7, '2025-05-26 19:00:00', '근력운동', '상체', '중급'),
(85, 11, 'alice01', '비 오는 날도 유산소 운동!', '비 오는 날이라 실내에서 했는데 잘 했네요.', '별난거북이', 0, 5, '2025-05-28 10:00:00', '유산소', '하체', '초급'),
(86, 11, 'alice01', '운동 후 몸이 한결 가벼워요', '몸이 무거웠는데 하고 나니 한결 가벼워졌어요.', '별난거북이', 0, 7, '2025-05-29 19:00:00', '유산소', '하체', '초급'),
(87, 11, 'alice01', '챌린지 완료! 땀 흘렸어요', '오늘도 빠짐없이 챌린지 완료! 땀 흘리니 개운해요.', '별난거북이', 0, 10, '2025-05-25 09:00:00', '유산소', '하체', '초급'),
(88, 11, 'alice01', '운동 후 스트레칭까지 완벽하게', '운동 후 스트레칭까지 챙기니 개운해요.', '별난거북이', 0, 8, '2025-05-25 19:00:00', '유산소', '하체', '초급'),
(89, 11, 'alice01', '동작이 오늘 잘 맞았어요', '오늘은 동작이 꽤 잘 맞았어요. 만족!', '별난거북이', 0, 1, '2025-05-27 18:00:00', '유산소', '하체', '초급'),
(90, 12, 'bob02', '상체 스트레칭 열심히 해요', '오늘도 인증 완료! 하루의 활력 충전 완료!', '반짝토끼', 0, 9, '2025-05-27 13:00:00', '스트레칭', '상체', '중급'),
(91, 12, 'bob02', '포기하지 않고 버텼어요', '살짝 힘들었지만 포기 안 하고 버텼어요.', '반짝토끼', 0, 10, '2025-05-29 09:00:00', '스트레칭', '상체', '중급'),
(92, 12, 'bob02', '운동 후 스트레칭으로 마무리', '운동 후 스트레칭까지 챙기니 개운해요.', '반짝토끼', 0, 3, '2025-05-28 18:00:00', '스트레칭', '상체', '중급'),
(93, 12, 'bob02', '오늘 동작이 잘 맞아서 기분 좋아요', '오늘은 동작이 꽤 잘 맞았어요. 만족!', '반짝토끼', 0, 5, '2025-05-29 22:00:00', '스트레칭', '상체', '중급'),
(94, 12, 'bob02', '비 오는 날 실내에서 스트레칭', '비 오는 날이라 실내에서 했는데 잘 했네요.', '반짝토끼', 0, 8, '2025-05-30 21:00:00', '스트레칭', '상체', '중급'),
(95, 13, 'carol03', '힘들어도 꾸준히 하려 노력해요', '살짝 힘들었지만 포기 안 하고 버텼어요.', '씩씩호랑이', 0, 7, '2025-05-29 20:00:00', '근력운동', '하체', '초급'),
(96, 13, 'carol03', '시간 쪼개서 운동했어요', '시간 없었지만 틈틈이 나눠서 했어요. 꾸준함이 답!', '씩씩호랑이', 0, 9, '2025-05-31 07:00:00', '근력운동', '하체', '초급'),
(97, 13, 'carol03', '동작이 잘 맞아 기분 좋아요', '오늘은 동작이 꽤 잘 맞았어요. 만족!', '씩씩호랑이', 0, 4, '2025-05-30 17:00:00', '근력운동', '하체', '초급'),
(98, 13, 'carol03', '꾸준히 하는 중입니다', '오늘은 동작이 꽤 잘 맞았어요. 만족!', '씩씩호랑이', 0, 0, '2025-05-31 13:00:00', '근력운동', '하체', '초급'),
(99, 13, 'carol03', '몸이 점점 적응해요', '매일 하니까 몸이 적응하는 느낌이에요.', '씩씩호랑이', 0, 4, '2025-05-30 12:00:00', '근력운동', '하체', '초급'),
(100, 13, 'carol03', '챌린지 완주했어요!', '오늘도 빠짐없이 챌린지 완료! 땀 흘리니 개운해요.', '씩씩호랑이', 0, 2, '2025-05-29 14:00:00', '근력운동', '하체', '초급'),
(101, 13, 'carol03', '하체 운동도 꾸준히!', '오늘도 인증 완료! 하루의 활력 충전 완료!', '씩씩호랑이', 0, 2, '2025-05-31 12:00:00', '근력운동', '하체', '초급'),
(102, 13, 'carol03', '짬짬이 운동했어요', '시간 없었지만 틈틈이 나눠서 했어요. 꾸준함이 답!', '씩씩호랑이', 0, 6, '2025-05-27 10:00:00', '근력운동', '하체', '초급'),
(103, 13, 'carol03', '꾸준함이 힘!', '오늘도 인증 완료! 하루의 활력 충전 완료!', '씩씩호랑이', 0, 9, '2025-05-30 13:00:00', '근력운동', '하체', '초급'),
(104, 13, 'carol03', '땀 흘리니 상쾌해요', '오늘도 빠짐없이 챌린지 완료! 땀 흘리니 개운해요.', '씩씩호랑이', 0, 8, '2025-05-30 09:00:00', '근력운동', '하체', '초급'),
(105, 14, 'dave04', '상체 유산소 완주!', '오늘은 동작이 꽤 잘 맞았어요. 만족!', '달콤여우', 0, 2, '2025-05-30 15:00:00', '유산소', '상체', '중급'),
(106, 14, 'dave04', '몸이 가벼워진 느낌', '몸이 무거웠는데 하고 나니 한결 가벼워졌어요.', '달콤여우', 0, 3, '2025-05-31 16:00:00', '유산소', '상체', '중급'),
(107, 14, 'dave04', '틈틈이 나눠서 성공!', '시간 없었지만 틈틈이 나눠서 했어요. 꾸준함이 답!', '달콤여우', 0, 8, '2025-06-01 06:00:00', '유산소', '상체', '중급'),
(108, 14, 'dave04', '힘들었지만 끝까지!', '조금 힘들었지만 끝까지 해냈어요. 기분 최고!', '달콤여우', 0, 10, '2025-05-29 17:00:00', '유산소', '상체', '중급'),
(109, 14, 'dave04', '점점 몸이 적응해요', '매일 하니까 몸이 적응하는 느낌이에요.', '달콤여우', 0, 2, '2025-05-31 21:00:00', '유산소', '상체', '중급'),
(110, 14, 'dave04', '포기하지 않고 버텼어요', '살짝 힘들었지만 포기 안 하고 버텼어요.', '달콤여우', 0, 2, '2025-05-29 22:00:00', '유산소', '상체', '중급'),
(111, 15, 'ellen05', '하체 스트레칭 성공!', '몸이 무거웠는데 하고 나니 한결 가벼워졌어요.', '차분펭귄', 0, 2, '2025-05-30 21:00:00', '스트레칭', '하체', '초급'),
(112, 15, 'ellen05', '힘들어도 포기 없이', '살짝 힘들었지만 포기 안 하고 버텼어요.', '차분펭귄', 0, 8, '2025-06-01 07:00:00', '스트레칭', '하체', '초급'),
(113, 15, 'ellen05', '동작 잘 맞았어요', '오늘은 동작이 꽤 잘 맞았어요. 만족!', '차분펭귄', 0, 6, '2025-05-29 19:00:00', '스트레칭', '하체', '초급'),
(114, 15, 'ellen05', '꾸준한 스트레칭!', '오늘도 빠짐없이 챌린지 완료! 땀 흘리니 개운해요.', '차분펭귄', 0, 0, '2025-05-31 18:00:00', '스트레칭', '하체', '초급'),
(115, 15, 'ellen05', '비 오는 날 실내 운동', '비 오는 날이라 실내에서 했는데 잘 했네요.', '차분펭귄', 0, 4, '2025-05-30 06:00:00', '스트레칭', '하체', '초급'),
(116, 16, 'fiona06', '상체 근력운동 꾸준히', '매일 하니까 몸이 적응하는 느낌이에요.', 'h.infin', 0, 6, '2025-06-01 12:00:00', '근력운동', '상체', '중급'),
(117, 16, 'fiona06', '틈틈이 꾸준히 운동', '시간 없었지만 틈틈이 나눠서 했어요. 꾸준함이 답!', 'h.infin', 0, 7, '2025-05-31 18:00:00', '근력운동', '상체', '중급'),
(118, 16, 'fiona06', '스트레칭도 함께!', '운동 후 스트레칭까지 챙기니 개운해요.', 'h.infin', 0, 7, '2025-05-30 08:00:00', '근력운동', '상체', '중급'),
(119, 16, 'fiona06', '오늘도 활력 충전 완료', '오늘도 인증 완료! 하루의 활력 충전 완료!', 'h.infin', 0, 8, '2025-06-03 13:00:00', '근력운동', '상체', '중급'),
(120, 16, 'fiona06', '점점 몸이 적응해요', '매일 하니까 몸이 적응하는 느낌이에요.', 'h.infin', 0, 2, '2025-06-02 21:00:00', '근력운동', '상체', '중급'),
(121, 17, 'george07', '가벼워진 느낌이에요', '몸이 무거웠는데 하고 나니 한결 가벼워졌어요.', 'hrs._.1013', 0, 1, '2025-06-01 16:00:00', '유산소', '하체', '초급'),
(122, 17, 'george07', '비 오는 날 실내 유산소', '비 오는 날이라 실내에서 했는데 잘 했네요.', 'hrs._.1013', 0, 2, '2025-06-01 16:00:00', '유산소', '하체', '초급'),
(123, 17, 'george07', '비 오는 날 운동 완료', '비 오는 날이라 실내에서 했는데 잘 했네요.', 'hrs._.1013', 0, 10, '2025-06-01 06:00:00', '유산소', '하체', '초급'),
(124, 17, 'george07', '동작 완벽!', '오늘은 동작이 꽤 잘 맞았어요. 만족!', 'hrs._.1013', 0, 3, '2025-06-03 16:00:00', '유산소', '하체', '초급'),
(125, 17, 'george07', '꾸준함이 힘!', '시간 없었지만 틈틈이 나눠서 했어요. 꾸준함이 답!', 'hrs._.1013', 0, 7, '2025-06-01 07:00:00', '유산소', '하체', '초급'),
(126, 17, 'george07', '운동 후 스트레칭까지', '운동 후 스트레칭까지 챙기니 개운해요.', 'hrs._.1013', 0, 3, '2025-06-04 19:00:00', '유산소', '하체', '초급'),
(127, 17, 'george07', '가벼워진 몸!', '몸이 무거웠는데 하고 나니 한결 가벼워졌어요.', 'hrs._.1013', 0, 5, '2025-06-03 12:00:00', '유산소', '하체', '초급'),
(128, 18, 'henry08', '상체 스트레칭 꾸준히', '몸이 무거웠는데 하고 나니 한결 가벼워졌어요.', 'luv._.sun', 0, 8, '2025-06-05 12:00:00', '스트레칭', '상체', '중급'),
(129, 18, 'henry08', '운동 후 스트레칭 완벽', '운동 후 스트레칭까지 챙기니 개운해요.', 'luv._.sun', 0, 9, '2025-06-05 17:00:00', '스트레칭', '상체', '중급'),
(130, 18, 'henry08', '하루 활력 충전 완료', '오늘도 인증 완료! 하루의 활력 충전 완료!', 'luv._.sun', 0, 10, '2025-06-05 21:00:00', '스트레칭', '상체', '중급'),
(131, 18, 'henry08', '힘들어도 포기 없어요', '살짝 힘들었지만 포기 안 하고 버텼어요.', 'luv._.sun', 0, 5, '2025-06-04 12:00:00', '스트레칭', '상체', '중급'),
(132, 18, 'henry08', '스트레칭도 꾸준히!', '몸이 무거웠는데 하고 나니 한결 가벼워졌어요.', 'luv..sun', 0, 10, '2025-06-02 16:00:00', '스트레칭', '상체', '중급'),
(133, 18, 'henry08', '매일 조금씩!', '매일 하니까 몸이 적응하는 느낌이에요.', 'luv..sun', 0, 1, '2025-06-02 10:00:00', '스트레칭', '상체', '중급'),
(134, 18, 'henry08', '운동 후엔 꼭 스트레칭!', '운동 후 스트레칭까지 챙기니 개운해요.', 'luv._.sun', 0, 8, '2025-06-04 07:00:00', '스트레칭', '상체', '중급'),
(135, 19, 'irene09', '하체 근력 운동 시작했어요', '몸이 무거웠는데 하고 나니 한결 가벼워졌어요.', 'moon.child_07', 0, 1, '2025-06-06 21:00:00', '근력운동', '하체', '초급'),
(136, 19, 'irene09', '꾸준히 챌린지 완료!', '오늘도 빠짐없이 챌린지 완료! 땀 흘리니 개운해요.', 'moon.child_07', 0, 2, '2025-06-06 21:00:00', '근력운동', '하체', '초급'),
(137, 19, 'irene09', '오늘도 힘내서!', '몸이 무거웠는데 하고 나니 한결 가벼워졌어요.', 'moon.child_07', 0, 2, '2025-06-02 09:00:00', '근력운동', '하체', '초급'),
(138, 19, 'irene09', '꾸준히 하니까 좋아요', '몸이 무거웠는데 하고 나니 한결 가벼워졌어요.', 'moon.child_07', 0, 1, '2025-06-04 21:00:00', '근력운동', '하체', '초급'),
(139, 19, 'irene09', '땀 흘리니 개운해요', '오늘도 빠짐없이 챌린지 완료! 땀 흘리니 개운해요.', 'moon.child_07', 0, 4, '2025-06-03 21:00:00', '근력운동', '하체', '초급'),
(140, 19, 'irene09', '스트레칭도 빼놓지 않고', '운동 후 스트레칭까지 챙기니 개운해요.', 'moon.child_07', 0, 6, '2025-06-03 10:00:00', '근력운동', '하체', '초급'),
(141, 19, 'irene09', '끝까지 해냈어요!', '조금 힘들었지만 끝까지 해냈어요. 기분 최고!', 'moon.child_07', 0, 3, '2025-06-05 20:00:00', '근력운동', '하체', '초급'),
(142, 20, 'jack10', '오늘도 열심히 뛰었어요', '조금 힘들었지만 끝까지 해냈어요. 기분 최고!', 'dreamy.skater', 0, 10, '2025-06-06 21:00:00', '유산소', '상체', '중급'),
(143, 20, 'jack10', '몸이 가벼워진 느낌', '몸이 무거웠는데 하고 나니 한결 가벼워졌어요.', 'dreamy.skater', 0, 7, '2025-06-05 11:00:00', '유산소', '상체', '중급'),
(144, 20, 'jack10', '끝까지 포기하지 않았어요', '살짝 힘들었지만 포기 안 하고 버텼어요.', 'dreamy.skater', 0, 3, '2025-06-07 17:00:00', '유산소', '상체', '중급'),
(145, 20, 'jack10', '가벼워진 몸을 느껴요', '몸이 무거웠는데 하고 나니 한결 가벼워졌어요.', 'dreamy.skater', 0, 6, '2025-06-06 09:00:00', '유산소', '상체', '중급'),
(146, 20, 'jack10', '힘들었지만 잘 버텼어요', '조금 힘들었지만 끝까지 해냈어요. 기분 최고!', 'dreamy.skater', 0, 2, '2025-06-03 07:00:00', '유산소', '상체', '중급'),
(147, 20, 'jack10', '끝까지 포기하지 않기', '살짝 힘들었지만 포기 안 하고 버텼어요.', 'dreamy.skater', 0, 3, '2025-06-07 20:00:00', '유산소', '상체', '중급'),
(148, 20, 'jack10', '가벼워진 몸을 느껴요', '몸이 무거웠는데 하고 나니 한결 가벼워졌어요.', 'dreamy.skater', 0, 7, '2025-06-05 13:00:00', '유산소', '상체', '중급');


select * from proof_board;

INSERT INTO proof_file (proof_file_id, proof_board_id, file_upload_name, file_original_name, writer,file_url)
VALUES
(1, 1, 'proof_1_up.jpg', 'proof_1.jpg', '별난거북이', 'https://cdn.example.com/proof/proof_1.jpg'),
(2, 2, 'proof_2_up.jpg', 'proof_2.jpg', '별난거북이', 'https://cdn.example.com/proof/proof_2.jpg'),
(3, 3, 'proof_3_up.jpg', 'proof_3.jpg', '별난거북이', 'https://cdn.example.com/proof/proof_3.jpg'),
(4, 4, 'proof_4_up.jpg', 'proof_4.jpg', '별난거북이', 'https://cdn.example.com/proof/proof_4.jpg'),
(5, 5, 'proof_5_up.jpg', 'proof_5.jpg', '별난거북이', 'https://cdn.example.com/proof/proof_5.jpg'),
(6, 6, 'proof_6_up.jpg', 'proof_6.jpg', '별난거북이', 'https://cdn.example.com/proof/proof_6.jpg'),
(7, 7, 'proof_7_up.jpg', 'proof_7.jpg', '별난거북이', 'https://cdn.example.com/proof/proof_7.jpg'),
(8, 8, 'proof_8_up.jpg', 'proof_8.jpg', '반짝토끼', 'https://cdn.example.com/proof/proof_8.jpg'),
(9, 9, 'proof_9_up.jpg', 'proof_9.jpg', '반짝토끼', 'https://cdn.example.com/proof/proof_9.jpg'),
(10, 10, 'proof_10_up.jpg', 'proof_10.jpg', '반짝토끼', 'https://cdn.example.com/proof/proof_10.jpg'),
(11, 11, 'proof_11_up.jpg', 'proof_11.jpg', '반짝토끼', 'https://cdn.example.com/proof/proof_11.jpg'),
(12, 12, 'proof_12_up.jpg', 'proof_12.jpg', '반짝토끼', 'https://cdn.example.com/proof/proof_12.jpg'),
(13, 13, 'proof_13_up.jpg', 'proof_13.jpg', '반짝토끼', 'https://cdn.example.com/proof/proof_13.jpg'),
(14, 14, 'proof_14_up.jpg', 'proof_14.jpg', '반짝토끼', 'https://cdn.example.com/proof/proof_14.jpg'),
(15, 15, 'proof_15_up.jpg', 'proof_15.jpg', '반짝토끼', 'https://cdn.example.com/proof/proof_15.jpg'),
(16, 16, 'proof_16_up.jpg', 'proof_16.jpg', '씩씩호랑이', 'https://cdn.example.com/proof/proof_16.jpg'),
(17, 17, 'proof_17_up.jpg', 'proof_17.jpg', '씩씩호랑이', 'https://cdn.example.com/proof/proof_17.jpg'),
(18, 18, 'proof_18_up.jpg', 'proof_18.jpg', '씩씩호랑이', 'https://cdn.example.com/proof/proof_18.jpg'),
(19, 19, 'proof_19_up.jpg', 'proof_19.jpg', '씩씩호랑이', 'https://cdn.example.com/proof/proof_19.jpg'),
(20, 20, 'proof_20_up.jpg', 'proof_20.jpg', '씩씩호랑이', 'https://cdn.example.com/proof/proof_20.jpg'),
(21, 21, 'proof_21_up.jpg', 'proof_21.jpg', '씩씩호랑이', 'https://cdn.example.com/proof/proof_21.jpg'),
(22, 22, 'proof_22_up.jpg', 'proof_22.jpg', '씩씩호랑이', 'https://cdn.example.com/proof/proof_22.jpg'),
(23, 23, 'proof_23_up.jpg', 'proof_23.jpg', '달콤여우', 'https://cdn.example.com/proof/proof_23.jpg'),
(24, 24, 'proof_24_up.jpg', 'proof_24.jpg', '달콤여우', 'https://cdn.example.com/proof/proof_24.jpg'),
(25, 25, 'proof_25_up.jpg', 'proof_25.jpg', '달콤여우', 'https://cdn.example.com/proof/proof_25.jpg'),
(26, 26, 'proof_26_up.jpg', 'proof_26.jpg', '달콤여우', 'https://cdn.example.com/proof/proof_26.jpg'),
(27, 27, 'proof_27_up.jpg', 'proof_27.jpg', '달콤여우', 'https://cdn.example.com/proof/proof_27.jpg'),
(28, 28, 'proof_28_up.jpg', 'proof_28.jpg', '달콤여우', 'https://cdn.example.com/proof/proof_28.jpg'),
(29, 29, 'proof_29_up.jpg', 'proof_29.jpg', '달콤여우', 'https://cdn.example.com/proof/proof_29.jpg'),
(30, 30, 'proof_30_up.jpg', 'proof_30.jpg', '달콤여우', 'https://cdn.example.com/proof/proof_30.jpg'),
(31, 31, 'proof_31_up.jpg', 'proof_31.jpg', '차분펭귄', 'https://cdn.example.com/proof/proof_31.jpg'),
(32, 32, 'proof_32_up.jpg', 'proof_32.jpg', '차분펭귄', 'https://cdn.example.com/proof/proof_32.jpg'),
(33, 33, 'proof_33_up.jpg', 'proof_33.jpg', '차분펭귄', 'https://cdn.example.com/proof/proof_33.jpg'),
(34, 34, 'proof_34_up.jpg', 'proof_34.jpg', '차분펭귄', 'https://cdn.example.com/proof/proof_34.jpg'),
(35, 35, 'proof_35_up.jpg', 'proof_35.jpg', '차분펭귄', 'https://cdn.example.com/proof/proof_35.jpg'),
(36, 36, 'proof_36_up.jpg', 'proof_36.jpg', '차분펭귄', 'https://cdn.example.com/proof/proof_36.jpg'),
(37, 37, 'proof_37_up.jpg', 'proof_37.jpg', '차분펭귄', 'https://cdn.example.com/proof/proof_37.jpg'),
(38, 38, 'proof_38_up.jpg', 'proof_38.jpg', '차분펭귄', 'https://cdn.example.com/proof/proof_38.jpg'),
(39, 39, 'proof_39_up.jpg', 'proof_39.jpg', '차분펭귄', 'https://cdn.example.com/proof/proof_39.jpg'),
(40, 40, 'proof_40_up.jpg', 'proof_40.jpg', 'h.infin', 'https://cdn.example.com/proof/proof_40.jpg'),
(41, 41, 'proof_41_up.jpg', 'proof_41.jpg', 'h.infin', 'https://cdn.example.com/proof/proof_41.jpg'),
(42, 42, 'proof_42_up.jpg', 'proof_42.jpg', 'h.infin', 'https://cdn.example.com/proof/proof_42.jpg'),
(43, 43, 'proof_43_up.jpg', 'proof_43.jpg', 'h.infin', 'https://cdn.example.com/proof/proof_43.jpg'),
(44, 44, 'proof_44_up.jpg', 'proof_44.jpg', 'h.infin', 'https://cdn.example.com/proof/proof_44.jpg'),
(45, 45, 'proof_45_up.jpg', 'proof_45.jpg', 'h.infin', 'https://cdn.example.com/proof/proof_45.jpg'),
(46, 46, 'proof_46_up.jpg', 'proof_46.jpg', 'h.infin', 'https://cdn.example.com/proof/proof_46.jpg'),
(47, 47, 'proof_47_up.jpg', 'proof_47.jpg', 'h.infin', 'https://cdn.example.com/proof/proof_47.jpg'),
(48, 48, 'proof_48_up.jpg', 'proof_48.jpg', 'h.infin', 'https://cdn.example.com/proof/proof_48.jpg'),
(49, 49, 'proof_49_up.jpg', 'proof_49.jpg', 'hrs._.1013', 'https://cdn.example.com/proof/proof_49.jpg'),
(50, 50, 'proof_50_up.jpg', 'proof_50.jpg', 'hrs._.1013', 'https://cdn.example.com/proof/proof_50.jpg'),
(51, 51, 'proof_51_up.jpg', 'proof_51.jpg', 'hrs._.1013', 'https://cdn.example.com/proof/proof_51.jpg'),
(52, 52, 'proof_52_up.jpg', 'proof_52.jpg', 'hrs._.1013', 'https://cdn.example.com/proof/proof_52.jpg'),
(53, 53, 'proof_53_up.jpg', 'proof_53.jpg', 'hrs._.1013', 'https://cdn.example.com/proof/proof_53.jpg'),
(54, 54, 'proof_54_up.jpg', 'proof_54.jpg', 'hrs._.1013', 'https://cdn.example.com/proof/proof_54.jpg'),
(55, 55, 'proof_55_up.jpg', 'proof_55.jpg', 'hrs._.1013', 'https://cdn.example.com/proof/proof_55.jpg'),
(56, 56, 'proof_56_up.jpg', 'proof_56.jpg', 'hrs._.1013', 'https://cdn.example.com/proof/proof_56.jpg'),
(57, 57, 'proof_57_up.jpg', 'proof_57.jpg', 'hrs._.1013', 'https://cdn.example.com/proof/proof_57.jpg'),
(58, 58, 'proof_58_up.jpg', 'proof_58.jpg', 'hrs._.1013', 'https://cdn.example.com/proof/proof_58.jpg'),
(59, 59, 'proof_59_up.jpg', 'proof_59.jpg', 'luv._.sun', 'https://cdn.example.com/proof/proof_59.jpg'),
(60, 60, 'proof_60_up.jpg', 'proof_60.jpg', 'luv._.sun', 'https://cdn.example.com/proof/proof_60.jpg'),
(61, 61, 'proof_61_up.jpg', 'proof_61.jpg', 'luv._.sun', 'https://cdn.example.com/proof/proof_61.jpg'),
(62, 62, 'proof_62_up.jpg', 'proof_62.jpg', 'luv._.sun', 'https://cdn.example.com/proof/proof_62.jpg'),
(63, 63, 'proof_63_up.jpg', 'proof_63.jpg', 'luv._.sun', 'https://cdn.example.com/proof/proof_63.jpg'),
(64, 64, 'proof_64_up.jpg', 'proof_64.jpg', 'luv._.sun', 'https://cdn.example.com/proof/proof_64.jpg'),
(65, 65, 'proof_65_up.jpg', 'proof_65.jpg', 'luv._.sun', 'https://cdn.example.com/proof/proof_65.jpg'),
(66, 66, 'proof_66_up.jpg', 'proof_66.jpg', 'luv._.sun', 'https://cdn.example.com/proof/proof_66.jpg'),
(67, 67, 'proof_67_up.jpg', 'proof_67.jpg', 'luv._.sun', 'https://cdn.example.com/proof/proof_67.jpg'),
(68, 68, 'proof_68_up.jpg', 'proof_68.jpg', 'moon.child_07', 'https://cdn.example.com/proof/proof_68.jpg'),
(69, 69, 'proof_69_up.jpg', 'proof_69.jpg', 'moon.child_07', 'https://cdn.example.com/proof/proof_69.jpg'),
(70, 70, 'proof_70_up.jpg', 'proof_70.jpg', 'moon.child_07', 'https://cdn.example.com/proof/proof_70.jpg'),
(71, 71, 'proof_71_up.jpg', 'proof_71.jpg', 'moon.child_07', 'https://cdn.example.com/proof/proof_71.jpg'),
(72, 72, 'proof_72_up.jpg', 'proof_72.jpg', 'moon.child_07', 'https://cdn.example.com/proof/proof_72.jpg'),
(73, 73, 'proof_73_up.jpg', 'proof_73.jpg', 'moon.child_07', 'https://cdn.example.com/proof/proof_73.jpg'),
(74, 74, 'proof_74_up.jpg', 'proof_74.jpg', 'moon.child_07', 'https://cdn.example.com/proof/proof_74.jpg'),
(75, 75, 'proof_75_up.jpg', 'proof_75.jpg', 'moon.child_07', 'https://cdn.example.com/proof/proof_75.jpg'),
(76, 76, 'proof_76_up.jpg', 'proof_76.jpg', 'moon.child_07', 'https://cdn.example.com/proof/proof_76.jpg'),
(77, 77, 'proof_77_up.jpg', 'proof_77.jpg', 'dreamy.skater', 'https://cdn.example.com/proof/proof_77.jpg'),
(78, 78, 'proof_78_up.jpg', 'proof_78.jpg', 'dreamy.skater', 'https://cdn.example.com/proof/proof_78.jpg'),
(79, 79, 'proof_79_up.jpg', 'proof_79.jpg', 'dreamy.skater', 'https://cdn.example.com/proof/proof_79.jpg'),
(80, 80, 'proof_80_up.jpg', 'proof_80.jpg', 'dreamy.skater', 'https://cdn.example.com/proof/proof_80.jpg'),
(81, 81, 'proof_81_up.jpg', 'proof_81.jpg', 'dreamy.skater', 'https://cdn.example.com/proof/proof_81.jpg'),
(82, 82, 'proof_82_up.jpg', 'proof_82.jpg', 'dreamy.skater', 'https://cdn.example.com/proof/proof_82.jpg'),
(83, 83, 'proof_83_up.jpg', 'proof_83.jpg', 'dreamy.skater', 'https://cdn.example.com/proof/proof_83.jpg'),
(84, 84, 'proof_84_up.jpg', 'proof_84.jpg', 'dreamy.skater', 'https://cdn.example.com/proof/proof_84.jpg'),
(85, 85, 'proof_85_up.jpg', 'proof_85.jpg', '별난거북이', 'https://cdn.example.com/proof/proof_85.jpg'),
(86, 86, 'proof_86_up.jpg', 'proof_86.jpg', '별난거북이', 'https://cdn.example.com/proof/proof_86.jpg'),
(87, 87, 'proof_87_up.jpg', 'proof_87.jpg', '별난거북이', 'https://cdn.example.com/proof/proof_87.jpg'),
(88, 88, 'proof_88_up.jpg', 'proof_88.jpg', '별난거북이', 'https://cdn.example.com/proof/proof_88.jpg'),
(89, 89, 'proof_89_up.jpg', 'proof_89.jpg', '별난거북이', 'https://cdn.example.com/proof/proof_89.jpg'),
(90, 90, 'proof_90_up.jpg', 'proof_90.jpg', '반짝토끼', 'https://cdn.example.com/proof/proof_90.jpg'),
(91, 91, 'proof_91_up.jpg', 'proof_91.jpg', '반짝토끼', 'https://cdn.example.com/proof/proof_91.jpg'),
(92, 92, 'proof_92_up.jpg', 'proof_92.jpg', '반짝토끼', 'https://cdn.example.com/proof/proof_92.jpg'),
(93, 93, 'proof_93_up.jpg', 'proof_93.jpg', '반짝토끼', 'https://cdn.example.com/proof/proof_93.jpg'),
(94, 94, 'proof_94_up.jpg', 'proof_94.jpg', '반짝토끼', 'https://cdn.example.com/proof/proof_94.jpg'),
(95, 95, 'proof_95_up.jpg', 'proof_95.jpg', '씩씩호랑이', 'https://cdn.example.com/proof/proof_95.jpg'),
(96, 96, 'proof_96_up.jpg', 'proof_96.jpg', '씩씩호랑이', 'https://cdn.example.com/proof/proof_96.jpg'),
(97, 97, 'proof_97_up.jpg', 'proof_97.jpg', '씩씩호랑이', 'https://cdn.example.com/proof/proof_97.jpg'),
(98, 98, 'proof_98_up.jpg', 'proof_98.jpg', '씩씩호랑이', 'https://cdn.example.com/proof/proof_98.jpg'),
(99, 99, 'proof_99_up.jpg', 'proof_99.jpg', '씩씩호랑이', 'https://cdn.example.com/proof/proof_99.jpg'),
(100, 100, 'proof_100_up.jpg', 'proof_100.jpg', '씩씩호랑이', 'https://cdn.example.com/proof/proof_100.jpg'),
(101, 101, 'proof_101_up.jpg', 'proof_101.jpg', '씩씩호랑이', 'https://cdn.example.com/proof/proof_101.jpg'),
(102, 102, 'proof_102_up.jpg', 'proof_102.jpg', '씩씩호랑이', 'https://cdn.example.com/proof/proof_102.jpg'),
(103, 103, 'proof_103_up.jpg', 'proof_103.jpg', '씩씩호랑이', 'https://cdn.example.com/proof/proof_103.jpg'),
(104, 104, 'proof_104_up.jpg', 'proof_104.jpg', '씩씩호랑이', 'https://cdn.example.com/proof/proof_104.jpg'),
(105, 105, 'proof_105_up.jpg', 'proof_105.jpg', '달콤여우', 'https://cdn.example.com/proof/proof_105.jpg'),
(106, 106, 'proof_106_up.jpg', 'proof_106.jpg', '달콤여우', 'https://cdn.example.com/proof/proof_106.jpg'),
(107, 107, 'proof_107_up.jpg', 'proof_107.jpg', '달콤여우', 'https://cdn.example.com/proof/proof_107.jpg'),
(108, 108, 'proof_108_up.jpg', 'proof_108.jpg', '달콤여우', 'https://cdn.example.com/proof/proof_108.jpg'),
(109, 109, 'proof_109_up.jpg', 'proof_109.jpg', '달콤여우', 'https://cdn.example.com/proof/proof_109.jpg'),
(110, 110, 'proof_110_up.jpg', 'proof_110.jpg', '달콤여우', 'https://cdn.example.com/proof/proof_110.jpg'),
(111, 111, 'proof_111_up.jpg', 'proof_111.jpg', '차분펭귄', 'https://cdn.example.com/proof/proof_111.jpg'),
(112, 112, 'proof_112_up.jpg', 'proof_112.jpg', '차분펭귄', 'https://cdn.example.com/proof/proof_112.jpg'),
(113, 113, 'proof_113_up.jpg', 'proof_113.jpg', '차분펭귄', 'https://cdn.example.com/proof/proof_113.jpg'),
(114, 114, 'proof_114_up.jpg', 'proof_114.jpg', '차분펭귄', 'https://cdn.example.com/proof/proof_114.jpg'),
(115, 115, 'proof_115_up.jpg', 'proof_115.jpg', '차분펭귄', 'https://cdn.example.com/proof/proof_115.jpg'),
(116, 116, 'proof_116_up.jpg', 'proof_116.jpg', 'h.infin', 'https://cdn.example.com/proof/proof_116.jpg'),
(117, 117, 'proof_117_up.jpg', 'proof_117.jpg', 'h.infin', 'https://cdn.example.com/proof/proof_117.jpg'),
(118, 118, 'proof_118_up.jpg', 'proof_118.jpg', 'h.infin', 'https://cdn.example.com/proof/proof_118.jpg'),
(119, 119, 'proof_119_up.jpg', 'proof_119.jpg', 'h.infin', 'https://cdn.example.com/proof/proof_119.jpg'),
(120, 120, 'proof_120_up.jpg', 'proof_120.jpg', 'h.infin', 'https://cdn.example.com/proof/proof_120.jpg'),
(121, 121, 'proof_121_up.jpg', 'proof_121.jpg', 'hrs._.1013', 'https://cdn.example.com/proof/proof_121.jpg'),
(122, 122, 'proof_122_up.jpg', 'proof_122.jpg', 'hrs._.1013', 'https://cdn.example.com/proof/proof_122.jpg'),
(123, 123, 'proof_123_up.jpg', 'proof_123.jpg', 'hrs._.1013', 'https://cdn.example.com/proof/proof_123.jpg'),
(124, 124, 'proof_124_up.jpg', 'proof_124.jpg', 'hrs._.1013', 'https://cdn.example.com/proof/proof_124.jpg'),
(125, 125, 'proof_125_up.jpg', 'proof_125.jpg', 'hrs._.1013', 'https://cdn.example.com/proof/proof_125.jpg'),
(126, 126, 'proof_126_up.jpg', 'proof_126.jpg', 'hrs._.1013', 'https://cdn.example.com/proof/proof_126.jpg'),
(127, 127, 'proof_127_up.jpg', 'proof_127.jpg', 'hrs._.1013', 'https://cdn.example.com/proof/proof_127.jpg'),
(128, 128, 'proof_128_up.jpg', 'proof_128.jpg', 'luv._.sun', 'https://cdn.example.com/proof/proof_128.jpg'),
(129, 129, 'proof_129_up.jpg', 'proof_129.jpg', 'luv._.sun', 'https://cdn.example.com/proof/proof_129.jpg'),
(130, 130, 'proof_130_up.jpg', 'proof_130.jpg', 'luv._.sun', 'https://cdn.example.com/proof/proof_130.jpg'),
(131, 131, 'proof_131_up.jpg', 'proof_131.jpg', 'luv._.sun', 'https://cdn.example.com/proof/proof_131.jpg'),
(132, 132, 'proof_132_up.jpg', 'proof_132.jpg', 'luv._.sun', 'https://cdn.example.com/proof/proof_132.jpg'),
(133, 133, 'proof_133_up.jpg', 'proof_133.jpg', 'luv._.sun', 'https://cdn.example.com/proof/proof_133.jpg'),
(134, 134, 'proof_134_up.jpg', 'proof_134.jpg', 'luv._.sun', 'https://cdn.example.com/proof/proof_134.jpg'),
(135, 135, 'proof_135_up.jpg', 'proof_135.jpg', 'moon.child_07', 'https://cdn.example.com/proof/proof_135.jpg'),
(136, 136, 'proof_136_up.jpg', 'proof_136.jpg', 'moon.child_07', 'https://cdn.example.com/proof/proof_136.jpg'),
(137, 137, 'proof_137_up.jpg', 'proof_137.jpg', 'moon.child_07', 'https://cdn.example.com/proof/proof_137.jpg'),
(138, 138, 'proof_138_up.jpg', 'proof_138.jpg', 'moon.child_07', 'https://cdn.example.com/proof/proof_138.jpg'),
(139, 139, 'proof_139_up.jpg', 'proof_139.jpg', 'moon.child_07', 'https://cdn.example.com/proof/proof_139.jpg'),
(140, 140, 'proof_140_up.jpg', 'proof_140.jpg', 'moon.child_07', 'https://cdn.example.com/proof/proof_140.jpg'),
(141, 141, 'proof_141_up.jpg', 'proof_141.jpg', 'moon.child_07', 'https://cdn.example.com/proof/proof_141.jpg'),
(142, 142, 'proof_142_up.jpg', 'proof_142.jpg', 'dreamy.skater', 'https://cdn.example.com/proof/proof_142.jpg'),
(143, 143, 'proof_143_up.jpg', 'proof_143.jpg', 'dreamy.skater', 'https://cdn.example.com/proof/proof_143.jpg'),
(144, 144, 'proof_144_up.jpg', 'proof_144.jpg', 'dreamy.skater', 'https://cdn.example.com/proof/proof_144.jpg'),
(145, 145, 'proof_145_up.jpg', 'proof_145.jpg', 'dreamy.skater', 'https://cdn.example.com/proof/proof_145.jpg'),
(146, 146, 'proof_146_up.jpg', 'proof_146.jpg', 'dreamy.skater', 'https://cdn.example.com/proof/proof_146.jpg'),
(147, 147, 'proof_147_up.jpg', 'proof_147.jpg', 'dreamy.skater', 'https://cdn.example.com/proof/proof_147.jpg'),
(148, 148, 'proof_148_up.jpg', 'proof_148.jpg', 'dreamy.skater', 'https://cdn.example.com/proof/proof_148.jpg');


INSERT INTO proof_like(proof_board_id,writer) VALUES
(1, 'h.infin'),
(1, 'dreamy.skater'),
(1, '별난거북이'),
(1, 'luv._.sun'),
(2, '별난거북이'),
(2, '반짝토끼'),
(2, '달콤여우'),
(2, '씩씩호랑이'),
(2, 'h.infin'),
(3, 'hrs._.1013'),
(3, 'h.infin'),
(3, 'moon.child_07'),
(3, '차분펭귄'),
(4, '차분펭귄'),
(4, 'h.infin'),
(5, 'moon.child_07'),
(5, 'luv._.sun'),
(5, '씩씩호랑이'),
(6, '반짝토끼'),
(6, 'dreamy.skater'),
(6, 'luv._.sun'),
(6, 'hrs._.1013'),
(6, '차분펭귄'),
(9, '별난거북이'),
(9, '반짝토끼'),
(9, 'moon.child_07'),
(10, '차분펭귄'),
(10, 'h.infin'),
(11, 'hrs._.1013'),
(11, '씩씩호랑이'),
(11, '반짝토끼'),
(11, '차분펭귄'),
(11, 'dreamy.skater'),
(12, '별난거북이'),
(13, 'hrs._.1013'),
(13, 'h.infin'),
(13, '차분펭귄'),
(14, '달콤여우'),
(14, '씩씩호랑이'),
(14, '별난거북이'),
(14, 'hrs._.1013'),
(14, '차분펭귄'),
(15, 'h.infin'),
(15, 'dreamy.skater'),
(15, '차분펭귄'),
(16, '달콤여우'),
(16, '별난거북이'),
(17, 'luv._.sun'),
(17, '씩씩호랑이'),
(17, '반짝토끼'),
(18, '차분펭귄'),
(19, '별난거북이'),
(19, 'hrs._.1013');


select * from proof_like;
